id,periode,pecahan,value
amb,1,AK,-504
amb,2,AK,-52
amb,3,AK,-26
amb,4,AK,39
amb,5,AK,238
amb,6,AK,-58
amb,7,AK,-27
amb,8,AK,28
amb,9,AK,51
amb,10,AK,68
amb,11,AK,104
amb,12,AK,329
amb,1,BK,-490
amb,2,BK,-37
amb,3,BK,16
amb,4,BK,54
amb,5,BK,218
amb,6,BK,22
amb,7,BK,39
amb,8,BK,68
amb,9,BK,107
amb,10,BK,104
amb,11,BK,121
amb,12,BK,278
amb,1,CK,-116
amb,2,CK,-1
amb,3,CK,3
amb,4,CK,10
amb,5,CK,51
amb,6,CK,55
amb,7,CK,33
amb,8,CK,15
amb,9,CK,20
amb,10,CK,22
amb,11,CK,31
amb,12,CK,57
amb,1,DK,-147
amb,2,DK,-2
amb,3,DK,5
amb,4,DK,19
amb,5,DK,89
amb,6,DK,106
amb,7,DK,88
amb,8,DK,48
amb,9,DK,44
amb,10,DK,50
amb,11,DK,45
amb,12,DK,97
amb,1,EK,-87
amb,2,EK,-25
amb,3,EK,7
amb,4,EK,25
amb,5,EK,168
amb,6,EK,186
amb,7,EK,79
amb,8,EK,63
amb,9,EK,88
amb,10,EK,71
amb,11,EK,67
amb,12,EK,145
amb,1,FK,-123
amb,2,FK,-28
amb,3,FK,-6
amb,4,FK,53
amb,5,FK,163
amb,6,FK,217
amb,7,FK,104
amb,8,FK,71
amb,9,FK,82
amb,10,FK,77
amb,11,FK,61
amb,12,FK,171
amb,1,GK,1
amb,2,GK,5
amb,3,GK,4
amb,4,GK,7
amb,5,GK,61
amb,6,GK,30
amb,7,GK,18
amb,8,GK,16
amb,9,GK,18
amb,10,GK,21
amb,11,GK,17
amb,12,GK,53
amb,1,GL,4
amb,2,GL,20
amb,3,GL,16
amb,4,GL,28
amb,5,GL,244
amb,6,GL,120
amb,7,GL,72
amb,8,GL,64
amb,9,GL,72
amb,10,GL,84
amb,11,GL,68
amb,12,GL,212
amb,1,HL,8
amb,2,HL,6
amb,3,HL,12
amb,4,HL,3
amb,5,HL,52
amb,6,HL,20
amb,7,HL,33
amb,8,HL,16
amb,9,HL,19
amb,10,HL,35
amb,11,HL,21
amb,12,HL,33
amb,1,IL,36
amb,2,IL,10
amb,3,IL,18
amb,4,IL,18
amb,5,IL,88
amb,6,IL,28
amb,7,IL,38
amb,8,IL,22
amb,9,IL,24
amb,10,IL,40
amb,11,IL,32
amb,12,IL,64
amb,1,JL,20
amb,2,JL,6
amb,3,JL,10
amb,4,JL,26
amb,5,JL,12
amb,6,JL,32
amb,7,JL,12
amb,8,JL,12
amb,9,JL,14
amb,10,JL,34
amb,11,JL,42
amb,12,JL,64
amb,1,KL,0
amb,2,KL,0
amb,3,KL,0
amb,4,KL,0
amb,5,KL,0
amb,6,KL,0
amb,7,KL,0
amb,8,KL,0
amb,9,KL,0
amb,10,KL,0
amb,11,KL,0
amb,12,KL,0
bpp,1,AK,-108
bpp,2,AK,-10
bpp,3,AK,85
bpp,4,AK,138
bpp,5,AK,354
bpp,6,AK,-116
bpp,7,AK,40
bpp,8,AK,66
bpp,9,AK,61
bpp,10,AK,85
bpp,11,AK,144
bpp,12,AK,371
bpp,1,BK,-349
bpp,2,BK,-2
bpp,3,BK,95
bpp,4,BK,207
bpp,5,BK,657
bpp,6,BK,-148
bpp,7,BK,22
bpp,8,BK,65
bpp,9,BK,143
bpp,10,BK,105
bpp,11,BK,170
bpp,12,BK,371
bpp,1,CK,-934
bpp,2,CK,5
bpp,3,CK,4
bpp,4,CK,2
bpp,5,CK,68
bpp,6,CK,3
bpp,7,CK,-9
bpp,8,CK,8
bpp,9,CK,4
bpp,10,CK,5
bpp,11,CK,0
bpp,12,CK,22
bpp,1,DK,-1415
bpp,2,DK,19
bpp,3,DK,2
bpp,4,DK,12
bpp,5,DK,185
bpp,6,DK,9
bpp,7,DK,-6
bpp,8,DK,-11
bpp,9,DK,3
bpp,10,DK,1
bpp,11,DK,10
bpp,12,DK,44
bpp,1,EK,-1218
bpp,2,EK,28
bpp,3,EK,6
bpp,4,EK,24
bpp,5,EK,309
bpp,6,EK,23
bpp,7,EK,-2
bpp,8,EK,-4
bpp,9,EK,18
bpp,10,EK,12
bpp,11,EK,16
bpp,12,EK,71
bpp,1,FK,-1207
bpp,2,FK,37
bpp,3,FK,18
bpp,4,FK,40
bpp,5,FK,468
bpp,6,FK,58
bpp,7,FK,4
bpp,8,FK,9
bpp,9,FK,0
bpp,10,FK,-4
bpp,11,FK,21
bpp,12,FK,76
bpp,1,GK,-117
bpp,2,GK,2
bpp,3,GK,1
bpp,4,GK,3
bpp,5,GK,13
bpp,6,GK,16
bpp,7,GK,3
bpp,8,GK,7
bpp,9,GK,3
bpp,10,GK,2
bpp,11,GK,2
bpp,12,GK,6
bpp,1,GL,-468
bpp,2,GL,8
bpp,3,GL,4
bpp,4,GL,12
bpp,5,GL,52
bpp,6,GL,64
bpp,7,GL,12
bpp,8,GL,28
bpp,9,GL,12
bpp,10,GL,8
bpp,11,GL,8
bpp,12,GL,24
bpp,1,HL,-1186
bpp,2,HL,126
bpp,3,HL,127
bpp,4,HL,112
bpp,5,HL,204
bpp,6,HL,58
bpp,7,HL,137
bpp,8,HL,115
bpp,9,HL,103
bpp,10,HL,144
bpp,11,HL,104
bpp,12,HL,102
bpp,1,IL,-960
bpp,2,IL,96
bpp,3,IL,72
bpp,4,IL,80
bpp,5,IL,174
bpp,6,IL,22
bpp,7,IL,116
bpp,8,IL,92
bpp,9,IL,78
bpp,10,IL,84
bpp,11,IL,48
bpp,12,IL,68
bpp,1,JL,-422
bpp,2,JL,80
bpp,3,JL,72
bpp,4,JL,90
bpp,5,JL,182
bpp,6,JL,36
bpp,7,JL,126
bpp,8,JL,96
bpp,9,JL,88
bpp,10,JL,98
bpp,11,JL,50
bpp,12,JL,78
bpp,1,KL,0
bpp,2,KL,0
bpp,3,KL,0
bpp,4,KL,0
bpp,5,KL,0
bpp,6,KL,0
bpp,7,KL,0
bpp,8,KL,0
bpp,9,KL,0
bpp,10,KL,0
bpp,11,KL,0
bpp,12,KL,0
bna,1,AK,-410
bna,2,AK,-13
bna,3,AK,33
bna,4,AK,172
bna,5,AK,449
bna,6,AK,30
bna,7,AK,104
bna,8,AK,123
bna,9,AK,97
bna,10,AK,128
bna,11,AK,120
bna,12,AK,131
bna,1,BK,-488
bna,2,BK,18
bna,3,BK,52
bna,4,BK,-14
bna,5,BK,532
bna,6,BK,152
bna,7,BK,-11
bna,8,BK,103
bna,9,BK,58
bna,10,BK,118
bna,11,BK,194
bna,12,BK,210
bna,1,CK,-254
bna,2,CK,2
bna,3,CK,17
bna,4,CK,74
bna,5,CK,120
bna,6,CK,19
bna,7,CK,22
bna,8,CK,4
bna,9,CK,25
bna,10,CK,38
bna,11,CK,47
bna,12,CK,53
bna,1,DK,-89
bna,2,DK,34
bna,3,DK,149
bna,4,DK,210
bna,5,DK,232
bna,6,DK,63
bna,7,DK,129
bna,8,DK,157
bna,9,DK,102
bna,10,DK,77
bna,11,DK,83
bna,12,DK,348
bna,1,EK,-16
bna,2,EK,34
bna,3,EK,216
bna,4,EK,166
bna,5,EK,650
bna,6,EK,190
bna,7,EK,219
bna,8,EK,240
bna,9,EK,171
bna,10,EK,134
bna,11,EK,116
bna,12,EK,463
bna,1,FK,44
bna,2,FK,36
bna,3,FK,169
bna,4,FK,245
bna,5,FK,344
bna,6,FK,61
bna,7,FK,61
bna,8,FK,78
bna,9,FK,160
bna,10,FK,116
bna,11,FK,174
bna,12,FK,142
bna,1,GK,-41
bna,2,GK,4
bna,3,GK,17
bna,4,GK,20
bna,5,GK,23
bna,6,GK,3
bna,7,GK,4
bna,8,GK,8
bna,9,GK,18
bna,10,GK,17
bna,11,GK,23
bna,12,GK,38
bna,1,GL,-164
bna,2,GL,16
bna,3,GL,68
bna,4,GL,80
bna,5,GL,92
bna,6,GL,12
bna,7,GL,16
bna,8,GL,32
bna,9,GL,72
bna,10,GL,68
bna,11,GL,92
bna,12,GL,152
bna,1,HL,48
bna,2,HL,15
bna,3,HL,17
bna,4,HL,59
bna,5,HL,86
bna,6,HL,45
bna,7,HL,58
bna,8,HL,57
bna,9,HL,54
bna,10,HL,49
bna,11,HL,43
bna,12,HL,86
bna,1,IL,-24
bna,2,IL,8
bna,3,IL,4
bna,4,IL,16
bna,5,IL,16
bna,6,IL,42
bna,7,IL,36
bna,8,IL,6
bna,9,IL,2
bna,10,IL,4
bna,11,IL,24
bna,12,IL,6
bna,1,JL,-14
bna,2,JL,2
bna,3,JL,2
bna,4,JL,-2
bna,5,JL,16
bna,6,JL,-6
bna,7,JL,6
bna,8,JL,10
bna,9,JL,-8
bna,10,JL,-2
bna,11,JL,0
bna,12,JL,10
bna,1,KL,0
bna,2,KL,0
bna,3,KL,0
bna,4,KL,0
bna,5,KL,0
bna,6,KL,0
bna,7,KL,0
bna,8,KL,0
bna,9,KL,0
bna,10,KL,0
bna,11,KL,0
bna,12,KL,0
bdg,1,AK,-2455
bdg,2,AK,-35
bdg,3,AK,314
bdg,4,AK,709
bdg,5,AK,2416
bdg,6,AK,-1233
bdg,7,AK,-549
bdg,8,AK,-128
bdg,9,AK,-172
bdg,10,AK,-205
bdg,11,AK,289
bdg,12,AK,1069
bdg,1,BK,-3907
bdg,2,BK,-4
bdg,3,BK,556
bdg,4,BK,758
bdg,5,BK,2040
bdg,6,BK,-1186
bdg,7,BK,-909
bdg,8,BK,-301
bdg,9,BK,-143
bdg,10,BK,-285
bdg,11,BK,235
bdg,12,BK,831
bdg,1,CK,-553
bdg,2,CK,118
bdg,3,CK,145
bdg,4,CK,479
bdg,5,CK,666
bdg,6,CK,88
bdg,7,CK,-213
bdg,8,CK,142
bdg,9,CK,157
bdg,10,CK,107
bdg,11,CK,99
bdg,12,CK,356
bdg,1,DK,-387
bdg,2,DK,161
bdg,3,DK,278
bdg,4,DK,863
bdg,5,DK,1397
bdg,6,DK,72
bdg,7,DK,-616
bdg,8,DK,226
bdg,9,DK,131
bdg,10,DK,286
bdg,11,DK,276
bdg,12,DK,644
bdg,1,EK,-878
bdg,2,EK,413
bdg,3,EK,282
bdg,4,EK,1239
bdg,5,EK,2073
bdg,6,EK,895
bdg,7,EK,-1033
bdg,8,EK,72
bdg,9,EK,-288
bdg,10,EK,364
bdg,11,EK,29
bdg,12,EK,1230
bdg,1,FK,-2735
bdg,2,FK,241
bdg,3,FK,711
bdg,4,FK,1321
bdg,5,FK,2172
bdg,6,FK,987
bdg,7,FK,-895
bdg,8,FK,244
bdg,9,FK,317
bdg,10,FK,183
bdg,11,FK,449
bdg,12,FK,1213
bdg,1,GK,-69
bdg,2,GK,-5
bdg,3,GK,2
bdg,4,GK,9
bdg,5,GK,92
bdg,6,GK,89
bdg,7,GK,1
bdg,8,GK,38
bdg,9,GK,40
bdg,10,GK,19
bdg,11,GK,21
bdg,12,GK,74
bdg,1,GL,-276
bdg,2,GL,-20
bdg,3,GL,8
bdg,4,GL,36
bdg,5,GL,368
bdg,6,GL,356
bdg,7,GL,4
bdg,8,GL,152
bdg,9,GL,160
bdg,10,GL,76
bdg,11,GL,84
bdg,12,GL,296
bdg,1,HL,-636
bdg,2,HL,-11
bdg,3,HL,309
bdg,4,HL,693
bdg,5,HL,1125
bdg,6,HL,191
bdg,7,HL,-338
bdg,8,HL,173
bdg,9,HL,66
bdg,10,HL,-346
bdg,11,HL,-62
bdg,12,HL,334
bdg,1,IL,-264
bdg,2,IL,290
bdg,3,IL,348
bdg,4,IL,456
bdg,5,IL,338
bdg,6,IL,140
bdg,7,IL,314
bdg,8,IL,260
bdg,9,IL,360
bdg,10,IL,232
bdg,11,IL,258
bdg,12,IL,462
bdg,1,JL,82
bdg,2,JL,352
bdg,3,JL,314
bdg,4,JL,390
bdg,5,JL,588
bdg,6,JL,64
bdg,7,JL,118
bdg,8,JL,150
bdg,9,JL,106
bdg,10,JL,112
bdg,11,JL,158
bdg,12,JL,306
bdg,1,KL,0
bdg,2,KL,0
bdg,3,KL,0
bdg,4,KL,0
bdg,5,KL,40
bdg,6,KL,72
bdg,7,KL,116
bdg,8,KL,132
bdg,9,KL,64
bdg,10,KL,76
bdg,11,KL,60
bdg,12,KL,72
bjm,1,AK,-969
bjm,2,AK,-221
bjm,3,AK,-3
bjm,4,AK,-97
bjm,5,AK,299
bjm,6,AK,-368
bjm,7,AK,-121
bjm,8,AK,-146
bjm,9,AK,-105
bjm,10,AK,3
bjm,11,AK,-6
bjm,12,AK,172
bjm,1,BK,-1216
bjm,2,BK,-122
bjm,3,BK,68
bjm,4,BK,205
bjm,5,BK,861
bjm,6,BK,-220
bjm,7,BK,-220
bjm,8,BK,-67
bjm,9,BK,-41
bjm,10,BK,-57
bjm,11,BK,172
bjm,12,BK,475
bjm,1,CK,-313
bjm,2,CK,5
bjm,3,CK,16
bjm,4,CK,33
bjm,5,CK,284
bjm,6,CK,-35
bjm,7,CK,30
bjm,8,CK,7
bjm,9,CK,-1
bjm,10,CK,2
bjm,11,CK,21
bjm,12,CK,36
bjm,1,DK,-602
bjm,2,DK,24
bjm,3,DK,23
bjm,4,DK,44
bjm,5,DK,425
bjm,6,DK,-52
bjm,7,DK,52
bjm,8,DK,-1
bjm,9,DK,23
bjm,10,DK,41
bjm,11,DK,41
bjm,12,DK,40
bjm,1,EK,-804
bjm,2,EK,36
bjm,3,EK,29
bjm,4,EK,64
bjm,5,EK,606
bjm,6,EK,10
bjm,7,EK,49
bjm,8,EK,10
bjm,9,EK,45
bjm,10,EK,83
bjm,11,EK,63
bjm,12,EK,56
bjm,1,FK,-896
bjm,2,FK,49
bjm,3,FK,57
bjm,4,FK,88
bjm,5,FK,554
bjm,6,FK,7
bjm,7,FK,60
bjm,8,FK,113
bjm,9,FK,68
bjm,10,FK,129
bjm,11,FK,85
bjm,12,FK,89
bjm,1,GK,-33
bjm,2,GK,9
bjm,3,GK,18
bjm,4,GK,1
bjm,5,GK,42
bjm,6,GK,-4
bjm,7,GK,8
bjm,8,GK,17
bjm,9,GK,9
bjm,10,GK,13
bjm,11,GK,16
bjm,12,GK,19
bjm,1,GL,-132
bjm,2,GL,36
bjm,3,GL,72
bjm,4,GL,4
bjm,5,GL,168
bjm,6,GL,-16
bjm,7,GL,32
bjm,8,GL,68
bjm,9,GL,36
bjm,10,GL,52
bjm,11,GL,64
bjm,12,GL,76
bjm,1,HL,-125
bjm,2,HL,116
bjm,3,HL,86
bjm,4,HL,154
bjm,5,HL,173
bjm,6,HL,83
bjm,7,HL,156
bjm,8,HL,156
bjm,9,HL,97
bjm,10,HL,118
bjm,11,HL,112
bjm,12,HL,105
bjm,1,IL,34
bjm,2,IL,204
bjm,3,IL,200
bjm,4,IL,152
bjm,5,IL,66
bjm,6,IL,106
bjm,7,IL,146
bjm,8,IL,248
bjm,9,IL,232
bjm,10,IL,236
bjm,11,IL,210
bjm,12,IL,134
bjm,1,JL,-120
bjm,2,JL,134
bjm,3,JL,72
bjm,4,JL,242
bjm,5,JL,182
bjm,6,JL,72
bjm,7,JL,126
bjm,8,JL,224
bjm,9,JL,224
bjm,10,JL,100
bjm,11,JL,50
bjm,12,JL,46
bjm,1,KL,0
bjm,2,KL,0
bjm,3,KL,0
bjm,4,KL,0
bjm,5,KL,0
bjm,6,KL,0
bjm,7,KL,0
bjm,8,KL,0
bjm,9,KL,0
bjm,10,KL,0
bjm,11,KL,0
bjm,12,KL,0
btm,1,AK,-75
btm,2,AK,93
btm,3,AK,272
btm,4,AK,502
btm,5,AK,877
btm,6,AK,-95
btm,7,AK,197
btm,8,AK,286
btm,9,AK,251
btm,10,AK,219
btm,11,AK,289
btm,12,AK,389
btm,1,BK,-488
btm,2,BK,52
btm,3,BK,172
btm,4,BK,529
btm,5,BK,877
btm,6,BK,-324
btm,7,BK,124
btm,8,BK,368
btm,9,BK,323
btm,10,BK,268
btm,11,BK,370
btm,12,BK,400
btm,1,CK,-691
btm,2,CK,29
btm,3,CK,-1
btm,4,CK,138
btm,5,CK,42
btm,6,CK,1
btm,7,CK,-35
btm,8,CK,-54
btm,9,CK,4
btm,10,CK,21
btm,11,CK,29
btm,12,CK,42
btm,1,DK,-1003
btm,2,DK,54
btm,3,DK,-1
btm,4,DK,241
btm,5,DK,101
btm,6,DK,9
btm,7,DK,-29
btm,8,DK,-98
btm,9,DK,-12
btm,10,DK,22
btm,11,DK,16
btm,12,DK,70
btm,1,EK,-1022
btm,2,EK,55
btm,3,EK,2
btm,4,EK,388
btm,5,EK,173
btm,6,EK,-6
btm,7,EK,-103
btm,8,EK,-175
btm,9,EK,-18
btm,10,EK,22
btm,11,EK,6
btm,12,EK,92
btm,1,FK,-834
btm,2,FK,46
btm,3,FK,22
btm,4,FK,551
btm,5,FK,200
btm,6,FK,21
btm,7,FK,-80
btm,8,FK,-262
btm,9,FK,10
btm,10,FK,23
btm,11,FK,3
btm,12,FK,110
btm,1,GK,-113
btm,2,GK,8
btm,3,GK,10
btm,4,GK,32
btm,5,GK,32
btm,6,GK,12
btm,7,GK,8
btm,8,GK,4
btm,9,GK,26
btm,10,GK,21
btm,11,GK,41
btm,12,GK,63
btm,1,GL,-452
btm,2,GL,32
btm,3,GL,40
btm,4,GL,128
btm,5,GL,128
btm,6,GL,48
btm,7,GL,32
btm,8,GL,16
btm,9,GL,104
btm,10,GL,84
btm,11,GL,164
btm,12,GL,252
btm,1,HL,-405
btm,2,HL,90
btm,3,HL,102
btm,4,HL,146
btm,5,HL,221
btm,6,HL,32
btm,7,HL,163
btm,8,HL,140
btm,9,HL,122
btm,10,HL,146
btm,11,HL,158
btm,12,HL,147
btm,1,IL,112
btm,2,IL,66
btm,3,IL,84
btm,4,IL,178
btm,5,IL,48
btm,6,IL,22
btm,7,IL,232
btm,8,IL,202
btm,9,IL,172
btm,10,IL,180
btm,11,IL,236
btm,12,IL,186
btm,1,JL,46
btm,2,JL,98
btm,3,JL,166
btm,4,JL,228
btm,5,JL,276
btm,6,JL,22
btm,7,JL,280
btm,8,JL,226
btm,9,JL,192
btm,10,JL,188
btm,11,JL,142
btm,12,JL,200
btm,1,KL,0
btm,2,KL,0
btm,3,KL,0
btm,4,KL,0
btm,5,KL,0
btm,6,KL,0
btm,7,KL,0
btm,8,KL,0
btm,9,KL,0
btm,10,KL,0
btm,11,KL,0
btm,12,KL,0
bgl,1,AK,-673
bgl,2,AK,-28
bgl,3,AK,62
bgl,4,AK,149
bgl,5,AK,544
bgl,6,AK,39
bgl,7,AK,-9
bgl,8,AK,68
bgl,9,AK,36
bgl,10,AK,31
bgl,11,AK,85
bgl,12,AK,229
bgl,1,BK,-543
bgl,2,BK,-55
bgl,3,BK,72
bgl,4,BK,83
bgl,5,BK,563
bgl,6,BK,124
bgl,7,BK,35
bgl,8,BK,95
bgl,9,BK,20
bgl,10,BK,10
bgl,11,BK,83
bgl,12,BK,246
bgl,1,CK,-36
bgl,2,CK,10
bgl,3,CK,18
bgl,4,CK,11
bgl,5,CK,81
bgl,6,CK,-11
bgl,7,CK,17
bgl,8,CK,6
bgl,9,CK,14
bgl,10,CK,11
bgl,11,CK,15
bgl,12,CK,12
bgl,1,DK,-119
bgl,2,DK,49
bgl,3,DK,58
bgl,4,DK,41
bgl,5,DK,301
bgl,6,DK,19
bgl,7,DK,17
bgl,8,DK,13
bgl,9,DK,47
bgl,10,DK,47
bgl,11,DK,65
bgl,12,DK,26
bgl,1,EK,-60
bgl,2,EK,20
bgl,3,EK,39
bgl,4,EK,9
bgl,5,EK,397
bgl,6,EK,181
bgl,7,EK,30
bgl,8,EK,-12
bgl,9,EK,53
bgl,10,EK,104
bgl,11,EK,130
bgl,12,EK,96
bgl,1,FK,4
bgl,2,FK,48
bgl,3,FK,91
bgl,4,FK,56
bgl,5,FK,294
bgl,6,FK,114
bgl,7,FK,56
bgl,8,FK,43
bgl,9,FK,87
bgl,10,FK,78
bgl,11,FK,73
bgl,12,FK,90
bgl,1,GK,-24
bgl,2,GK,9
bgl,3,GK,13
bgl,4,GK,4
bgl,5,GK,116
bgl,6,GK,22
bgl,7,GK,19
bgl,8,GK,22
bgl,9,GK,13
bgl,10,GK,15
bgl,11,GK,17
bgl,12,GK,21
bgl,1,GL,-96
bgl,2,GL,36
bgl,3,GL,52
bgl,4,GL,16
bgl,5,GL,464
bgl,6,GL,88
bgl,7,GL,76
bgl,8,GL,88
bgl,9,GL,52
bgl,10,GL,60
bgl,11,GL,68
bgl,12,GL,84
bgl,1,HL,-82
bgl,2,HL,21
bgl,3,HL,16
bgl,4,HL,14
bgl,5,HL,31
bgl,6,HL,5
bgl,7,HL,25
bgl,8,HL,22
bgl,9,HL,15
bgl,10,HL,19
bgl,11,HL,14
bgl,12,HL,18
bgl,1,IL,-180
bgl,2,IL,20
bgl,3,IL,12
bgl,4,IL,14
bgl,5,IL,28
bgl,6,IL,4
bgl,7,IL,20
bgl,8,IL,22
bgl,9,IL,12
bgl,10,IL,14
bgl,11,IL,12
bgl,12,IL,18
bgl,1,JL,-116
bgl,2,JL,22
bgl,3,JL,20
bgl,4,JL,16
bgl,5,JL,36
bgl,6,JL,12
bgl,7,JL,24
bgl,8,JL,18
bgl,9,JL,14
bgl,10,JL,26
bgl,11,JL,16
bgl,12,JL,24
bgl,1,KL,0
bgl,2,KL,0
bgl,3,KL,0
bgl,4,KL,0
bgl,5,KL,0
bgl,6,KL,0
bgl,7,KL,0
bgl,8,KL,0
bgl,9,KL,0
bgl,10,KL,0
bgl,11,KL,0
bgl,12,KL,0
cbn,1,AK,-633
cbn,2,AK,70
cbn,3,AK,357
cbn,4,AK,528
cbn,5,AK,1243
cbn,6,AK,-688
cbn,7,AK,-153
cbn,8,AK,54
cbn,9,AK,208
cbn,10,AK,106
cbn,11,AK,259
cbn,12,AK,335
cbn,1,BK,-948
cbn,2,BK,73
cbn,3,BK,447
cbn,4,BK,610
cbn,5,BK,1740
cbn,6,BK,-997
cbn,7,BK,3
cbn,8,BK,181
cbn,9,BK,17
cbn,10,BK,135
cbn,11,BK,295
cbn,12,BK,236
cbn,1,CK,-621
cbn,2,CK,19
cbn,3,CK,20
cbn,4,CK,76
cbn,5,CK,253
cbn,6,CK,-7
cbn,7,CK,-106
cbn,8,CK,21
cbn,9,CK,-19
cbn,10,CK,-13
cbn,11,CK,2
cbn,12,CK,33
cbn,1,DK,-716
cbn,2,DK,40
cbn,3,DK,43
cbn,4,DK,219
cbn,5,DK,898
cbn,6,DK,1
cbn,7,DK,-109
cbn,8,DK,-74
cbn,9,DK,20
cbn,10,DK,19
cbn,11,DK,15
cbn,12,DK,71
cbn,1,EK,-938
cbn,2,EK,48
cbn,3,EK,62
cbn,4,EK,224
cbn,5,EK,1727
cbn,6,EK,-3
cbn,7,EK,-125
cbn,8,EK,-228
cbn,9,EK,-31
cbn,10,EK,25
cbn,11,EK,42
cbn,12,EK,142
cbn,1,FK,-910
cbn,2,FK,61
cbn,3,FK,128
cbn,4,FK,234
cbn,5,FK,1452
cbn,6,FK,30
cbn,7,FK,-31
cbn,8,FK,-12
cbn,9,FK,-52
cbn,10,FK,55
cbn,11,FK,60
cbn,12,FK,245
cbn,1,GK,-38
cbn,2,GK,5
cbn,3,GK,10
cbn,4,GK,30
cbn,5,GK,139
cbn,6,GK,4
cbn,7,GK,3
cbn,8,GK,7
cbn,9,GK,10
cbn,10,GK,10
cbn,11,GK,10
cbn,12,GK,14
cbn,1,GL,-152
cbn,2,GL,20
cbn,3,GL,40
cbn,4,GL,120
cbn,5,GL,556
cbn,6,GL,16
cbn,7,GL,12
cbn,8,GL,28
cbn,9,GL,40
cbn,10,GL,40
cbn,11,GL,40
cbn,12,GL,56
cbn,1,HL,-253
cbn,2,HL,-156
cbn,3,HL,-201
cbn,4,HL,-93
cbn,5,HL,-39
cbn,6,HL,-72
cbn,7,HL,-123
cbn,8,HL,-189
cbn,9,HL,-214
cbn,10,HL,-155
cbn,11,HL,-131
cbn,12,HL,-386
cbn,1,IL,-70
cbn,2,IL,-2
cbn,3,IL,32
cbn,4,IL,84
cbn,5,IL,64
cbn,6,IL,26
cbn,7,IL,32
cbn,8,IL,-8
cbn,9,IL,-6
cbn,10,IL,8
cbn,11,IL,0
cbn,12,IL,-18
cbn,1,JL,58
cbn,2,JL,14
cbn,3,JL,70
cbn,4,JL,54
cbn,5,JL,372
cbn,6,JL,72
cbn,7,JL,82
cbn,8,JL,0
cbn,9,JL,-4
cbn,10,JL,-30
cbn,11,JL,12
cbn,12,JL,4
cbn,1,KL,0
cbn,2,KL,0
cbn,3,KL,0
cbn,4,KL,0
cbn,5,KL,0
cbn,6,KL,0
cbn,7,KL,0
cbn,8,KL,0
cbn,9,KL,0
cbn,10,KL,0
cbn,11,KL,0
cbn,12,KL,0
dpr,1,AK,-829
dpr,2,AK,-28
dpr,3,AK,445
dpr,4,AK,-80
dpr,5,AK,1694
dpr,6,AK,-427
dpr,7,AK,-107
dpr,8,AK,299
dpr,9,AK,154
dpr,10,AK,212
dpr,11,AK,51
dpr,12,AK,852
dpr,1,BK,-1634
dpr,2,BK,-65
dpr,3,BK,162
dpr,4,BK,-3
dpr,5,BK,1891
dpr,6,BK,-437
dpr,7,BK,-106
dpr,8,BK,128
dpr,9,BK,265
dpr,10,BK,81
dpr,11,BK,104
dpr,12,BK,613
dpr,1,CK,-249
dpr,2,CK,34
dpr,3,CK,53
dpr,4,CK,49
dpr,5,CK,209
dpr,6,CK,-1
dpr,7,CK,24
dpr,8,CK,42
dpr,9,CK,51
dpr,10,CK,77
dpr,11,CK,52
dpr,12,CK,70
dpr,1,DK,-538
dpr,2,DK,80
dpr,3,DK,210
dpr,4,DK,169
dpr,5,DK,572
dpr,6,DK,47
dpr,7,DK,46
dpr,8,DK,104
dpr,9,DK,108
dpr,10,DK,160
dpr,11,DK,101
dpr,12,DK,144
dpr,1,EK,-472
dpr,2,EK,68
dpr,3,EK,291
dpr,4,EK,258
dpr,5,EK,823
dpr,6,EK,2
dpr,7,EK,23
dpr,8,EK,117
dpr,9,EK,185
dpr,10,EK,209
dpr,11,EK,121
dpr,12,EK,175
dpr,1,FK,-1091
dpr,2,FK,79
dpr,3,FK,443
dpr,4,FK,527
dpr,5,FK,1181
dpr,6,FK,102
dpr,7,FK,105
dpr,8,FK,157
dpr,9,FK,192
dpr,10,FK,252
dpr,11,FK,185
dpr,12,FK,246
dpr,1,GK,-235
dpr,2,GK,35
dpr,3,GK,36
dpr,4,GK,12
dpr,5,GK,79
dpr,6,GK,7
dpr,7,GK,20
dpr,8,GK,22
dpr,9,GK,17
dpr,10,GK,19
dpr,11,GK,26
dpr,12,GK,12
dpr,1,GL,-940
dpr,2,GL,140
dpr,3,GL,144
dpr,4,GL,48
dpr,5,GL,316
dpr,6,GL,28
dpr,7,GL,80
dpr,8,GL,88
dpr,9,GL,68
dpr,10,GL,76
dpr,11,GL,104
dpr,12,GL,48
dpr,1,HL,579
dpr,2,HL,491
dpr,3,HL,619
dpr,4,HL,636
dpr,5,HL,714
dpr,6,HL,560
dpr,7,HL,784
dpr,8,HL,654
dpr,9,HL,608
dpr,10,HL,1011
dpr,11,HL,831
dpr,12,HL,575
dpr,1,IL,28
dpr,2,IL,426
dpr,3,IL,514
dpr,4,IL,504
dpr,5,IL,612
dpr,6,IL,442
dpr,7,IL,190
dpr,8,IL,536
dpr,9,IL,476
dpr,10,IL,186
dpr,11,IL,766
dpr,12,IL,644
dpr,1,JL,556
dpr,2,JL,382
dpr,3,JL,382
dpr,4,JL,408
dpr,5,JL,560
dpr,6,JL,410
dpr,7,JL,750
dpr,8,JL,810
dpr,9,JL,498
dpr,10,JL,492
dpr,11,JL,194
dpr,12,JL,484
dpr,1,KL,0
dpr,2,KL,0
dpr,3,KL,8
dpr,4,KL,0
dpr,5,KL,0
dpr,6,KL,0
dpr,7,KL,0
dpr,8,KL,0
dpr,9,KL,0
dpr,10,KL,128
dpr,11,KL,0
dpr,12,KL,4
gto,1,AK,-137
gto,2,AK,18
gto,3,AK,42
gto,4,AK,37
gto,5,AK,135
gto,6,AK,14
gto,7,AK,16
gto,8,AK,4
gto,9,AK,25
gto,10,AK,32
gto,11,AK,54
gto,12,AK,135
gto,1,BK,-224
gto,2,BK,0
gto,3,BK,31
gto,4,BK,63
gto,5,BK,260
gto,6,BK,-16
gto,7,BK,20
gto,8,BK,39
gto,9,BK,73
gto,10,BK,60
gto,11,BK,58
gto,12,BK,189
gto,1,CK,-278
gto,2,CK,3
gto,3,CK,8
gto,4,CK,11
gto,5,CK,62
gto,6,CK,5
gto,7,CK,19
gto,8,CK,7
gto,9,CK,9
gto,10,CK,12
gto,11,CK,11
gto,12,CK,48
gto,1,DK,-349
gto,2,DK,3
gto,3,DK,16
gto,4,DK,17
gto,5,DK,82
gto,6,DK,3
gto,7,DK,23
gto,8,DK,9
gto,9,DK,21
gto,10,DK,24
gto,11,DK,19
gto,12,DK,48
gto,1,EK,-292
gto,2,EK,16
gto,3,EK,34
gto,4,EK,33
gto,5,EK,125
gto,6,EK,31
gto,7,EK,45
gto,8,EK,15
gto,9,EK,37
gto,10,EK,32
gto,11,EK,42
gto,12,EK,74
gto,1,FK,-220
gto,2,FK,10
gto,3,FK,39
gto,4,FK,34
gto,5,FK,134
gto,6,FK,25
gto,7,FK,48
gto,8,FK,44
gto,9,FK,60
gto,10,FK,40
gto,11,FK,41
gto,12,FK,62
gto,1,GK,7
gto,2,GK,9
gto,3,GK,8
gto,4,GK,25
gto,5,GK,44
gto,6,GK,8
gto,7,GK,36
gto,8,GK,11
gto,9,GK,23
gto,10,GK,13
gto,11,GK,10
gto,12,GK,17
gto,1,GL,28
gto,2,GL,36
gto,3,GL,32
gto,4,GL,100
gto,5,GL,176
gto,6,GL,32
gto,7,GL,144
gto,8,GL,44
gto,9,GL,92
gto,10,GL,52
gto,11,GL,40
gto,12,GL,68
gto,1,HL,-95
gto,2,HL,14
gto,3,HL,10
gto,4,HL,25
gto,5,HL,33
gto,6,HL,10
gto,7,HL,13
gto,8,HL,6
gto,9,HL,11
gto,10,HL,37
gto,11,HL,5
gto,12,HL,12
gto,1,IL,-126
gto,2,IL,22
gto,3,IL,18
gto,4,IL,28
gto,5,IL,44
gto,6,IL,56
gto,7,IL,22
gto,8,IL,14
gto,9,IL,14
gto,10,IL,40
gto,11,IL,20
gto,12,IL,20
gto,1,JL,-182
gto,2,JL,18
gto,3,JL,18
gto,4,JL,24
gto,5,JL,38
gto,6,JL,22
gto,7,JL,30
gto,8,JL,10
gto,9,JL,18
gto,10,JL,42
gto,11,JL,8
gto,12,JL,20
gto,1,KL,0
gto,2,KL,0
gto,3,KL,0
gto,4,KL,0
gto,5,KL,0
gto,6,KL,0
gto,7,KL,0
gto,8,KL,0
gto,9,KL,0
gto,10,KL,0
gto,11,KL,0
gto,12,KL,0
jkt,1,AK,-5429
jkt,2,AK,831
jkt,3,AK,2223
jkt,4,AK,2612
jkt,5,AK,11874
jkt,6,AK,-240
jkt,7,AK,-545
jkt,8,AK,1056
jkt,9,AK,849
jkt,10,AK,1813
jkt,11,AK,2953
jkt,12,AK,6504
jkt,1,BK,-2999
jkt,2,BK,2005
jkt,3,BK,3842
jkt,4,BK,4754
jkt,5,BK,17353
jkt,6,BK,-3248
jkt,7,BK,-641
jkt,8,BK,1964
jkt,9,BK,1464
jkt,10,BK,2315
jkt,11,BK,2614
jkt,12,BK,7743
jkt,1,CK,-6350
jkt,2,CK,411
jkt,3,CK,237
jkt,4,CK,564
jkt,5,CK,3961
jkt,6,CK,352
jkt,7,CK,3
jkt,8,CK,61
jkt,9,CK,329
jkt,10,CK,722
jkt,11,CK,611
jkt,12,CK,724
jkt,1,DK,-195
jkt,2,DK,1092
jkt,3,DK,738
jkt,4,DK,1297
jkt,5,DK,6568
jkt,6,DK,602
jkt,7,DK,328
jkt,8,DK,158
jkt,9,DK,364
jkt,10,DK,812
jkt,11,DK,779
jkt,12,DK,1778
jkt,1,EK,-1143
jkt,2,EK,1089
jkt,3,EK,987
jkt,4,EK,2844
jkt,5,EK,17478
jkt,6,EK,944
jkt,7,EK,275
jkt,8,EK,-338
jkt,9,EK,493
jkt,10,EK,841
jkt,11,EK,895
jkt,12,EK,2395
jkt,1,FK,-535
jkt,2,FK,1231
jkt,3,FK,1430
jkt,4,FK,3141
jkt,5,FK,18556
jkt,6,FK,1068
jkt,7,FK,756
jkt,8,FK,541
jkt,9,FK,534
jkt,10,FK,850
jkt,11,FK,1042
jkt,12,FK,3281
jkt,1,GK,-91
jkt,2,GK,6
jkt,3,GK,20
jkt,4,GK,46
jkt,5,GK,580
jkt,6,GK,57
jkt,7,GK,77
jkt,8,GK,82
jkt,9,GK,42
jkt,10,GK,60
jkt,11,GK,73
jkt,12,GK,107
jkt,1,GL,-364
jkt,2,GL,24
jkt,3,GL,80
jkt,4,GL,184
jkt,5,GL,2320
jkt,6,GL,228
jkt,7,GL,308
jkt,8,GL,328
jkt,9,GL,168
jkt,10,GL,240
jkt,11,GL,292
jkt,12,GL,428
jkt,1,HL,-4159
jkt,2,HL,3587
jkt,3,HL,4513
jkt,4,HL,5460
jkt,5,HL,5934
jkt,6,HL,3448
jkt,7,HL,4464
jkt,8,HL,3567
jkt,9,HL,4179
jkt,10,HL,5245
jkt,11,HL,5575
jkt,12,HL,5440
jkt,1,IL,1672
jkt,2,IL,1482
jkt,3,IL,1366
jkt,4,IL,1284
jkt,5,IL,1886
jkt,6,IL,1956
jkt,7,IL,2016
jkt,8,IL,1612
jkt,9,IL,1566
jkt,10,IL,1932
jkt,11,IL,1560
jkt,12,IL,3220
jkt,1,JL,2052
jkt,2,JL,1546
jkt,3,JL,1918
jkt,4,JL,2140
jkt,5,JL,1918
jkt,6,JL,962
jkt,7,JL,1710
jkt,8,JL,1514
jkt,9,JL,1368
jkt,10,JL,1300
jkt,11,JL,742
jkt,12,JL,896
jkt,1,KL,0
jkt,2,KL,0
jkt,3,KL,0
jkt,4,KL,0
jkt,5,KL,0
jkt,6,KL,0
jkt,7,KL,0
jkt,8,KL,0
jkt,9,KL,0
jkt,10,KL,0
jkt,11,KL,0
jkt,12,KL,0
jmb,1,AK,-706
jmb,2,AK,52
jmb,3,AK,127
jmb,4,AK,187
jmb,5,AK,507
jmb,6,AK,-154
jmb,7,AK,76
jmb,8,AK,171
jmb,9,AK,86
jmb,10,AK,146
jmb,11,AK,181
jmb,12,AK,289
jmb,1,BK,-789
jmb,2,BK,13
jmb,3,BK,73
jmb,4,BK,252
jmb,5,BK,1016
jmb,6,BK,-223
jmb,7,BK,30
jmb,8,BK,126
jmb,9,BK,90
jmb,10,BK,128
jmb,11,BK,170
jmb,12,BK,385
jmb,1,CK,-133
jmb,2,CK,37
jmb,3,CK,12
jmb,4,CK,22
jmb,5,CK,114
jmb,6,CK,-16
jmb,7,CK,10
jmb,8,CK,4
jmb,9,CK,9
jmb,10,CK,18
jmb,11,CK,16
jmb,12,CK,19
jmb,1,DK,-56
jmb,2,DK,80
jmb,3,DK,26
jmb,4,DK,62
jmb,5,DK,306
jmb,6,DK,10
jmb,7,DK,-2
jmb,8,DK,-5
jmb,9,DK,11
jmb,10,DK,40
jmb,11,DK,39
jmb,12,DK,42
jmb,1,EK,-148
jmb,2,EK,84
jmb,3,EK,30
jmb,4,EK,47
jmb,5,EK,310
jmb,6,EK,198
jmb,7,EK,-1
jmb,8,EK,-9
jmb,9,EK,8
jmb,10,EK,39
jmb,11,EK,45
jmb,12,EK,58
jmb,1,FK,-106
jmb,2,FK,97
jmb,3,FK,49
jmb,4,FK,75
jmb,5,FK,391
jmb,6,FK,139
jmb,7,FK,31
jmb,8,FK,24
jmb,9,FK,24
jmb,10,FK,59
jmb,11,FK,54
jmb,12,FK,75
jmb,1,GK,-24
jmb,2,GK,0
jmb,3,GK,0
jmb,4,GK,1
jmb,5,GK,32
jmb,6,GK,1
jmb,7,GK,3
jmb,8,GK,2
jmb,9,GK,3
jmb,10,GK,3
jmb,11,GK,1
jmb,12,GK,3
jmb,1,GL,-96
jmb,2,GL,0
jmb,3,GL,0
jmb,4,GL,4
jmb,5,GL,128
jmb,6,GL,4
jmb,7,GL,12
jmb,8,GL,8
jmb,9,GL,12
jmb,10,GL,12
jmb,11,GL,4
jmb,12,GL,12
jmb,1,HL,157
jmb,2,HL,108
jmb,3,HL,116
jmb,4,HL,158
jmb,5,HL,137
jmb,6,HL,2
jmb,7,HL,139
jmb,8,HL,106
jmb,9,HL,91
jmb,10,HL,111
jmb,11,HL,105
jmb,12,HL,114
jmb,1,IL,-14
jmb,2,IL,112
jmb,3,IL,154
jmb,4,IL,166
jmb,5,IL,168
jmb,6,IL,4
jmb,7,IL,148
jmb,8,IL,100
jmb,9,IL,86
jmb,10,IL,146
jmb,11,IL,130
jmb,12,IL,128
jmb,1,JL,54
jmb,2,JL,84
jmb,3,JL,114
jmb,4,JL,164
jmb,5,JL,138
jmb,6,JL,0
jmb,7,JL,120
jmb,8,JL,72
jmb,9,JL,82
jmb,10,JL,122
jmb,11,JL,94
jmb,12,JL,88
jmb,1,KL,0
jmb,2,KL,0
jmb,3,KL,0
jmb,4,KL,0
jmb,5,KL,0
jmb,6,KL,0
jmb,7,KL,0
jmb,8,KL,0
jmb,9,KL,0
jmb,10,KL,0
jmb,11,KL,0
jmb,12,KL,0
jap,1,AK,-1215
jap,2,AK,-256
jap,3,AK,-34
jap,4,AK,246
jap,5,AK,752
jap,6,AK,-22
jap,7,AK,48
jap,8,AK,129
jap,9,AK,189
jap,10,AK,185
jap,11,AK,375
jap,12,AK,1266
jap,1,BK,-2233
jap,2,BK,24
jap,3,BK,87
jap,4,BK,80
jap,5,BK,542
jap,6,BK,200
jap,7,BK,34
jap,8,BK,86
jap,9,BK,64
jap,10,BK,68
jap,11,BK,21
jap,12,BK,676
jap,1,CK,-228
jap,2,CK,26
jap,3,CK,-14
jap,4,CK,9
jap,5,CK,106
jap,6,CK,18
jap,7,CK,-7
jap,8,CK,26
jap,9,CK,63
jap,10,CK,33
jap,11,CK,60
jap,12,CK,160
jap,1,DK,-199
jap,2,DK,-206
jap,3,DK,252
jap,4,DK,114
jap,5,DK,113
jap,6,DK,22
jap,7,DK,41
jap,8,DK,36
jap,9,DK,44
jap,10,DK,39
jap,11,DK,47
jap,12,DK,145
jap,1,EK,-301
jap,2,EK,136
jap,3,EK,3
jap,4,EK,161
jap,5,EK,209
jap,6,EK,31
jap,7,EK,26
jap,8,EK,53
jap,9,EK,79
jap,10,EK,51
jap,11,EK,76
jap,12,EK,187
jap,1,FK,-201
jap,2,FK,251
jap,3,FK,-15
jap,4,FK,119
jap,5,FK,218
jap,6,FK,97
jap,7,FK,6
jap,8,FK,59
jap,9,FK,120
jap,10,FK,64
jap,11,FK,95
jap,12,FK,129
jap,1,GK,34
jap,2,GK,109
jap,3,GK,50
jap,4,GK,170
jap,5,GK,206
jap,6,GK,24
jap,7,GK,23
jap,8,GK,60
jap,9,GK,107
jap,10,GK,31
jap,11,GK,55
jap,12,GK,82
jap,1,GL,136
jap,2,GL,436
jap,3,GL,200
jap,4,GL,680
jap,5,GL,824
jap,6,GL,96
jap,7,GL,92
jap,8,GL,240
jap,9,GL,428
jap,10,GL,124
jap,11,GL,220
jap,12,GL,328
jap,1,HL,-125
jap,2,HL,16
jap,3,HL,28
jap,4,HL,25
jap,5,HL,24
jap,6,HL,19
jap,7,HL,25
jap,8,HL,19
jap,9,HL,20
jap,10,HL,24
jap,11,HL,27
jap,12,HL,27
jap,1,IL,-292
jap,2,IL,26
jap,3,IL,32
jap,4,IL,26
jap,5,IL,32
jap,6,IL,14
jap,7,IL,8
jap,8,IL,30
jap,9,IL,22
jap,10,IL,26
jap,11,IL,32
jap,12,IL,28
jap,1,JL,-346
jap,2,JL,20
jap,3,JL,22
jap,4,JL,16
jap,5,JL,16
jap,6,JL,24
jap,7,JL,22
jap,8,JL,18
jap,9,JL,12
jap,10,JL,18
jap,11,JL,24
jap,12,JL,26
jap,1,KL,0
jap,2,KL,0
jap,3,KL,0
jap,4,KL,0
jap,5,KL,0
jap,6,KL,0
jap,7,KL,0
jap,8,KL,0
jap,9,KL,0
jap,10,KL,0
jap,11,KL,0
jap,12,KL,0
jmr,1,AK,-833
jmr,2,AK,10
jmr,3,AK,364
jmr,4,AK,447
jmr,5,AK,659
jmr,6,AK,-678
jmr,7,AK,153
jmr,8,AK,185
jmr,9,AK,300
jmr,10,AK,236
jmr,11,AK,293
jmr,12,AK,183
jmr,1,BK,-2302
jmr,2,BK,233
jmr,3,BK,69
jmr,4,BK,588
jmr,5,BK,344
jmr,6,BK,-501
jmr,7,BK,184
jmr,8,BK,290
jmr,9,BK,384
jmr,10,BK,213
jmr,11,BK,178
jmr,12,BK,22
jmr,1,CK,-816
jmr,2,CK,5
jmr,3,CK,1
jmr,4,CK,70
jmr,5,CK,298
jmr,6,CK,13
jmr,7,CK,13
jmr,8,CK,10
jmr,9,CK,-26
jmr,10,CK,12
jmr,11,CK,2
jmr,12,CK,10
jmr,1,DK,-300
jmr,2,DK,38
jmr,3,DK,50
jmr,4,DK,307
jmr,5,DK,527
jmr,6,DK,29
jmr,7,DK,-21
jmr,8,DK,21
jmr,9,DK,-102
jmr,10,DK,7
jmr,11,DK,51
jmr,12,DK,11
jmr,1,EK,-830
jmr,2,EK,-6
jmr,3,EK,50
jmr,4,EK,1039
jmr,5,EK,578
jmr,6,EK,27
jmr,7,EK,-3
jmr,8,EK,-47
jmr,9,EK,-24
jmr,10,EK,68
jmr,11,EK,53
jmr,12,EK,43
jmr,1,FK,-673
jmr,2,FK,33
jmr,3,FK,49
jmr,4,FK,777
jmr,5,FK,1377
jmr,6,FK,55
jmr,7,FK,3
jmr,8,FK,-10
jmr,9,FK,-117
jmr,10,FK,36
jmr,11,FK,168
jmr,12,FK,35
jmr,1,GK,-40
jmr,2,GK,-8
jmr,3,GK,5
jmr,4,GK,34
jmr,5,GK,97
jmr,6,GK,32
jmr,7,GK,2
jmr,8,GK,17
jmr,9,GK,8
jmr,10,GK,13
jmr,11,GK,-7
jmr,12,GK,15
jmr,1,GL,-160
jmr,2,GL,-32
jmr,3,GL,20
jmr,4,GL,136
jmr,5,GL,388
jmr,6,GL,128
jmr,7,GL,8
jmr,8,GL,68
jmr,9,GL,32
jmr,10,GL,52
jmr,11,GL,-28
jmr,12,GL,60
jmr,1,HL,-36
jmr,2,HL,77
jmr,3,HL,43
jmr,4,HL,95
jmr,5,HL,140
jmr,6,HL,4
jmr,7,HL,16
jmr,8,HL,25
jmr,9,HL,39
jmr,10,HL,92
jmr,11,HL,139
jmr,12,HL,84
jmr,1,IL,-270
jmr,2,IL,46
jmr,3,IL,16
jmr,4,IL,50
jmr,5,IL,216
jmr,6,IL,0
jmr,7,IL,4
jmr,8,IL,8
jmr,9,IL,50
jmr,10,IL,78
jmr,11,IL,122
jmr,12,IL,102
jmr,1,JL,-94
jmr,2,JL,38
jmr,3,JL,20
jmr,4,JL,84
jmr,5,JL,246
jmr,6,JL,0
jmr,7,JL,6
jmr,8,JL,10
jmr,9,JL,38
jmr,10,JL,56
jmr,11,JL,126
jmr,12,JL,78
jmr,1,KL,0
jmr,2,KL,0
jmr,3,KL,0
jmr,4,KL,0
jmr,5,KL,0
jmr,6,KL,0
jmr,7,KL,8
jmr,8,KL,0
jmr,9,KL,0
jmr,10,KL,0
jmr,11,KL,0
jmr,12,KL,0
kdr,1,AK,-1605
kdr,2,AK,-79
kdr,3,AK,240
kdr,4,AK,160
kdr,5,AK,1683
kdr,6,AK,-53
kdr,7,AK,-175
kdr,8,AK,140
kdr,9,AK,214
kdr,10,AK,269
kdr,11,AK,221
kdr,12,AK,680
kdr,1,BK,-1608
kdr,2,BK,-198
kdr,3,BK,3
kdr,4,BK,29
kdr,5,BK,1675
kdr,6,BK,-307
kdr,7,BK,-157
kdr,8,BK,-149
kdr,9,BK,-26
kdr,10,BK,58
kdr,11,BK,148
kdr,12,BK,484
kdr,1,CK,-327
kdr,2,CK,-2
kdr,3,CK,35
kdr,4,CK,72
kdr,5,CK,365
kdr,6,CK,40
kdr,7,CK,-42
kdr,8,CK,-45
kdr,9,CK,-20
kdr,10,CK,4
kdr,11,CK,10
kdr,12,CK,17
kdr,1,DK,-595
kdr,2,DK,-12
kdr,3,DK,1
kdr,4,DK,79
kdr,5,DK,847
kdr,6,DK,73
kdr,7,DK,-121
kdr,8,DK,-61
kdr,9,DK,-31
kdr,10,DK,7
kdr,11,DK,15
kdr,12,DK,22
kdr,1,EK,-1103
kdr,2,EK,1
kdr,3,EK,29
kdr,4,EK,112
kdr,5,EK,1001
kdr,6,EK,96
kdr,7,EK,-137
kdr,8,EK,-141
kdr,9,EK,-112
kdr,10,EK,-56
kdr,11,EK,11
kdr,12,EK,68
kdr,1,FK,-641
kdr,2,FK,16
kdr,3,FK,68
kdr,4,FK,106
kdr,5,FK,794
kdr,6,FK,95
kdr,7,FK,-29
kdr,8,FK,-98
kdr,9,FK,-42
kdr,10,FK,-22
kdr,11,FK,38
kdr,12,FK,13
kdr,1,GK,-75
kdr,2,GK,17
kdr,3,GK,16
kdr,4,GK,22
kdr,5,GK,33
kdr,6,GK,36
kdr,7,GK,14
kdr,8,GK,18
kdr,9,GK,19
kdr,10,GK,26
kdr,11,GK,35
kdr,12,GK,29
kdr,1,GL,-300
kdr,2,GL,68
kdr,3,GL,64
kdr,4,GL,88
kdr,5,GL,132
kdr,6,GL,144
kdr,7,GL,56
kdr,8,GL,72
kdr,9,GL,76
kdr,10,GL,104
kdr,11,GL,140
kdr,12,GL,116
kdr,1,HL,43
kdr,2,HL,37
kdr,3,HL,47
kdr,4,HL,77
kdr,5,HL,85
kdr,6,HL,18
kdr,7,HL,28
kdr,8,HL,43
kdr,9,HL,32
kdr,10,HL,102
kdr,11,HL,59
kdr,12,HL,78
kdr,1,IL,-66
kdr,2,IL,38
kdr,3,IL,48
kdr,4,IL,34
kdr,5,IL,30
kdr,6,IL,-2
kdr,7,IL,6
kdr,8,IL,20
kdr,9,IL,16
kdr,10,IL,52
kdr,11,IL,54
kdr,12,IL,38
kdr,1,JL,22
kdr,2,JL,38
kdr,3,JL,76
kdr,4,JL,14
kdr,5,JL,50
kdr,6,JL,0
kdr,7,JL,46
kdr,8,JL,30
kdr,9,JL,10
kdr,10,JL,68
kdr,11,JL,38
kdr,12,JL,16
kdr,1,KL,0
kdr,2,KL,0
kdr,3,KL,0
kdr,4,KL,0
kdr,5,KL,0
kdr,6,KL,0
kdr,7,KL,0
kdr,8,KL,0
kdr,9,KL,0
kdr,10,KL,0
kdr,11,KL,0
kdr,12,KL,0
kdi,1,AK,-445
kdi,2,AK,8
kdi,3,AK,-6
kdi,4,AK,50
kdi,5,AK,456
kdi,6,AK,7
kdi,7,AK,-21
kdi,8,AK,35
kdi,9,AK,93
kdi,10,AK,85
kdi,11,AK,220
kdi,12,AK,444
kdi,1,BK,-252
kdi,2,BK,14
kdi,3,BK,-22
kdi,4,BK,49
kdi,5,BK,406
kdi,6,BK,8
kdi,7,BK,-3
kdi,8,BK,32
kdi,9,BK,59
kdi,10,BK,70
kdi,11,BK,171
kdi,12,BK,287
kdi,1,CK,-83
kdi,2,CK,21
kdi,3,CK,14
kdi,4,CK,13
kdi,5,CK,136
kdi,6,CK,7
kdi,7,CK,-5
kdi,8,CK,0
kdi,9,CK,26
kdi,10,CK,33
kdi,11,CK,40
kdi,12,CK,58
kdi,1,DK,-141
kdi,2,DK,24
kdi,3,DK,28
kdi,4,DK,26
kdi,5,DK,124
kdi,6,DK,19
kdi,7,DK,10
kdi,8,DK,11
kdi,9,DK,44
kdi,10,DK,53
kdi,11,DK,48
kdi,12,DK,86
kdi,1,EK,-73
kdi,2,EK,50
kdi,3,EK,43
kdi,4,EK,34
kdi,5,EK,121
kdi,6,EK,53
kdi,7,EK,5
kdi,8,EK,28
kdi,9,EK,54
kdi,10,EK,96
kdi,11,EK,73
kdi,12,EK,82
kdi,1,FK,-123
kdi,2,FK,68
kdi,3,FK,46
kdi,4,FK,33
kdi,5,FK,197
kdi,6,FK,26
kdi,7,FK,16
kdi,8,FK,28
kdi,9,FK,50
kdi,10,FK,89
kdi,11,FK,70
kdi,12,FK,77
kdi,1,GK,-34
kdi,2,GK,23
kdi,3,GK,20
kdi,4,GK,26
kdi,5,GK,61
kdi,6,GK,29
kdi,7,GK,16
kdi,8,GK,11
kdi,9,GK,22
kdi,10,GK,18
kdi,11,GK,18
kdi,12,GK,24
kdi,1,GL,-136
kdi,2,GL,92
kdi,3,GL,80
kdi,4,GL,104
kdi,5,GL,244
kdi,6,GL,116
kdi,7,GL,64
kdi,8,GL,44
kdi,9,GL,88
kdi,10,GL,72
kdi,11,GL,72
kdi,12,GL,96
kdi,1,HL,9
kdi,2,HL,10
kdi,3,HL,8
kdi,4,HL,9
kdi,5,HL,30
kdi,6,HL,2
kdi,7,HL,1
kdi,8,HL,17
kdi,9,HL,18
kdi,10,HL,11
kdi,11,HL,18
kdi,12,HL,18
kdi,1,IL,-52
kdi,2,IL,20
kdi,3,IL,22
kdi,4,IL,26
kdi,5,IL,60
kdi,6,IL,6
kdi,7,IL,10
kdi,8,IL,22
kdi,9,IL,36
kdi,10,IL,26
kdi,11,IL,12
kdi,12,IL,30
kdi,1,JL,-70
kdi,2,JL,22
kdi,3,JL,28
kdi,4,JL,30
kdi,5,JL,74
kdi,6,JL,4
kdi,7,JL,18
kdi,8,JL,30
kdi,9,JL,34
kdi,10,JL,20
kdi,11,JL,8
kdi,12,JL,16
kdi,1,KL,0
kdi,2,KL,0
kdi,3,KL,0
kdi,4,KL,0
kdi,5,KL,0
kdi,6,KL,0
kdi,7,KL,0
kdi,8,KL,0
kdi,9,KL,0
kdi,10,KL,0
kdi,11,KL,0
kdi,12,KL,0
kpg,1,AK,-753
kpg,2,AK,-196
kpg,3,AK,-85
kpg,4,AK,2
kpg,5,AK,427
kpg,6,AK,127
kpg,7,AK,95
kpg,8,AK,91
kpg,9,AK,120
kpg,10,AK,121
kpg,11,AK,131
kpg,12,AK,661
kpg,1,BK,-1244
kpg,2,BK,-168
kpg,3,BK,-70
kpg,4,BK,-40
kpg,5,BK,597
kpg,6,BK,132
kpg,7,BK,146
kpg,8,BK,155
kpg,9,BK,135
kpg,10,BK,225
kpg,11,BK,192
kpg,12,BK,765
kpg,1,CK,-202
kpg,2,CK,-9
kpg,3,CK,37
kpg,4,CK,-1
kpg,5,CK,91
kpg,6,CK,9
kpg,7,CK,33
kpg,8,CK,16
kpg,9,CK,24
kpg,10,CK,29
kpg,11,CK,34
kpg,12,CK,66
kpg,1,DK,-183
kpg,2,DK,-13
kpg,3,DK,57
kpg,4,DK,-9
kpg,5,DK,109
kpg,6,DK,17
kpg,7,DK,59
kpg,8,DK,34
kpg,9,DK,35
kpg,10,DK,66
kpg,11,DK,43
kpg,12,DK,78
kpg,1,EK,-130
kpg,2,EK,-2
kpg,3,EK,64
kpg,4,EK,20
kpg,5,EK,168
kpg,6,EK,36
kpg,7,EK,89
kpg,8,EK,45
kpg,9,EK,58
kpg,10,EK,84
kpg,11,EK,68
kpg,12,EK,98
kpg,1,FK,-142
kpg,2,FK,10
kpg,3,FK,76
kpg,4,FK,15
kpg,5,FK,168
kpg,6,FK,43
kpg,7,FK,96
kpg,8,FK,59
kpg,9,FK,64
kpg,10,FK,80
kpg,11,FK,80
kpg,12,FK,92
kpg,1,GK,-38
kpg,2,GK,5
kpg,3,GK,11
kpg,4,GK,6
kpg,5,GK,46
kpg,6,GK,12
kpg,7,GK,22
kpg,8,GK,11
kpg,9,GK,8
kpg,10,GK,13
kpg,11,GK,13
kpg,12,GK,27
kpg,1,GL,-152
kpg,2,GL,20
kpg,3,GL,44
kpg,4,GL,24
kpg,5,GL,184
kpg,6,GL,48
kpg,7,GL,88
kpg,8,GL,44
kpg,9,GL,32
kpg,10,GL,52
kpg,11,GL,52
kpg,12,GL,108
kpg,1,HL,-89
kpg,2,HL,17
kpg,3,HL,11
kpg,4,HL,-13
kpg,5,HL,11
kpg,6,HL,8
kpg,7,HL,32
kpg,8,HL,18
kpg,9,HL,12
kpg,10,HL,19
kpg,11,HL,33
kpg,12,HL,40
kpg,1,IL,-90
kpg,2,IL,18
kpg,3,IL,26
kpg,4,IL,34
kpg,5,IL,12
kpg,6,IL,-4
kpg,7,IL,36
kpg,8,IL,36
kpg,9,IL,14
kpg,10,IL,34
kpg,11,IL,58
kpg,12,IL,22
kpg,1,JL,-102
kpg,2,JL,10
kpg,3,JL,26
kpg,4,JL,16
kpg,5,JL,8
kpg,6,JL,-4
kpg,7,JL,14
kpg,8,JL,8
kpg,9,JL,14
kpg,10,JL,6
kpg,11,JL,36
kpg,12,JL,8
kpg,1,KL,0
kpg,2,KL,0
kpg,3,KL,0
kpg,4,KL,0
kpg,5,KL,0
kpg,6,KL,0
kpg,7,KL,0
kpg,8,KL,0
kpg,9,KL,0
kpg,10,KL,0
kpg,11,KL,0
kpg,12,KL,0
bdl,1,AK,-833
bdl,2,AK,37
bdl,3,AK,256
bdl,4,AK,-67
bdl,5,AK,1220
bdl,6,AK,-446
bdl,7,AK,-117
bdl,8,AK,199
bdl,9,AK,95
bdl,10,AK,28
bdl,11,AK,137
bdl,12,AK,245
bdl,1,BK,-1843
bdl,2,BK,-13
bdl,3,BK,45
bdl,4,BK,504
bdl,5,BK,1610
bdl,6,BK,379
bdl,7,BK,-556
bdl,8,BK,-18
bdl,9,BK,-54
bdl,10,BK,250
bdl,11,BK,76
bdl,12,BK,251
bdl,1,CK,-461
bdl,2,CK,62
bdl,3,CK,11
bdl,4,CK,-3
bdl,5,CK,655
bdl,6,CK,242
bdl,7,CK,-183
bdl,8,CK,-37
bdl,9,CK,-18
bdl,10,CK,8
bdl,11,CK,-8
bdl,12,CK,31
bdl,1,DK,-1264
bdl,2,DK,60
bdl,3,DK,67
bdl,4,DK,63
bdl,5,DK,895
bdl,6,DK,5
bdl,7,DK,203
bdl,8,DK,174
bdl,9,DK,11
bdl,10,DK,35
bdl,11,DK,19
bdl,12,DK,197
bdl,1,EK,-1835
bdl,2,EK,81
bdl,3,EK,44
bdl,4,EK,80
bdl,5,EK,1027
bdl,6,EK,-49
bdl,7,EK,205
bdl,8,EK,240
bdl,9,EK,48
bdl,10,EK,39
bdl,11,EK,133
bdl,12,EK,276
bdl,1,FK,-1342
bdl,2,FK,102
bdl,3,FK,63
bdl,4,FK,103
bdl,5,FK,1082
bdl,6,FK,-3
bdl,7,FK,258
bdl,8,FK,198
bdl,9,FK,137
bdl,10,FK,102
bdl,11,FK,25
bdl,12,FK,264
bdl,1,GK,-212
bdl,2,GK,13
bdl,3,GK,11
bdl,4,GK,7
bdl,5,GK,183
bdl,6,GK,16
bdl,7,GK,38
bdl,8,GK,67
bdl,9,GK,30
bdl,10,GK,29
bdl,11,GK,35
bdl,12,GK,63
bdl,1,GL,-848
bdl,2,GL,52
bdl,3,GL,44
bdl,4,GL,28
bdl,5,GL,732
bdl,6,GL,64
bdl,7,GL,152
bdl,8,GL,268
bdl,9,GL,120
bdl,10,GL,116
bdl,11,GL,140
bdl,12,GL,252
bdl,1,HL,26
bdl,2,HL,71
bdl,3,HL,81
bdl,4,HL,69
bdl,5,HL,159
bdl,6,HL,20
bdl,7,HL,100
bdl,8,HL,71
bdl,9,HL,63
bdl,10,HL,87
bdl,11,HL,106
bdl,12,HL,89
bdl,1,IL,18
bdl,2,IL,58
bdl,3,IL,106
bdl,4,IL,82
bdl,5,IL,102
bdl,6,IL,20
bdl,7,IL,72
bdl,8,IL,88
bdl,9,IL,66
bdl,10,IL,82
bdl,11,IL,88
bdl,12,IL,90
bdl,1,JL,20
bdl,2,JL,50
bdl,3,JL,80
bdl,4,JL,108
bdl,5,JL,360
bdl,6,JL,40
bdl,7,JL,124
bdl,8,JL,62
bdl,9,JL,58
bdl,10,JL,82
bdl,11,JL,90
bdl,12,JL,88
bdl,1,KL,0
bdl,2,KL,0
bdl,3,KL,0
bdl,4,KL,0
bdl,5,KL,0
bdl,6,KL,0
bdl,7,KL,0
bdl,8,KL,0
bdl,9,KL,0
bdl,10,KL,0
bdl,11,KL,0
bdl,12,KL,0
lsm,1,AK,-103
lsm,2,AK,18
lsm,3,AK,100
lsm,4,AK,124
lsm,5,AK,443
lsm,6,AK,-100
lsm,7,AK,60
lsm,8,AK,57
lsm,9,AK,61
lsm,10,AK,49
lsm,11,AK,27
lsm,12,AK,308
lsm,1,BK,-1552
lsm,2,BK,15
lsm,3,BK,71
lsm,4,BK,225
lsm,5,BK,709
lsm,6,BK,-84
lsm,7,BK,63
lsm,8,BK,137
lsm,9,BK,117
lsm,10,BK,51
lsm,11,BK,175
lsm,12,BK,444
lsm,1,CK,-350
lsm,2,CK,11
lsm,3,CK,20
lsm,4,CK,25
lsm,5,CK,27
lsm,6,CK,7
lsm,7,CK,6
lsm,8,CK,15
lsm,9,CK,10
lsm,10,CK,16
lsm,11,CK,16
lsm,12,CK,19
lsm,1,DK,-312
lsm,2,DK,18
lsm,3,DK,51
lsm,4,DK,30
lsm,5,DK,237
lsm,6,DK,3
lsm,7,DK,11
lsm,8,DK,16
lsm,9,DK,20
lsm,10,DK,34
lsm,11,DK,34
lsm,12,DK,44
lsm,1,EK,-274
lsm,2,EK,39
lsm,3,EK,30
lsm,4,EK,47
lsm,5,EK,183
lsm,6,EK,63
lsm,7,EK,18
lsm,8,EK,22
lsm,9,EK,35
lsm,10,EK,45
lsm,11,EK,27
lsm,12,EK,77
lsm,1,FK,-316
lsm,2,FK,29
lsm,3,FK,43
lsm,4,FK,51
lsm,5,FK,293
lsm,6,FK,50
lsm,7,FK,25
lsm,8,FK,45
lsm,9,FK,46
lsm,10,FK,31
lsm,11,FK,24
lsm,12,FK,55
lsm,1,GK,-86
lsm,2,GK,1
lsm,3,GK,6
lsm,4,GK,6
lsm,5,GK,28
lsm,6,GK,10
lsm,7,GK,11
lsm,8,GK,9
lsm,9,GK,7
lsm,10,GK,9
lsm,11,GK,5
lsm,12,GK,10
lsm,1,GL,-344
lsm,2,GL,4
lsm,3,GL,24
lsm,4,GL,24
lsm,5,GL,112
lsm,6,GL,40
lsm,7,GL,44
lsm,8,GL,36
lsm,9,GL,28
lsm,10,GL,36
lsm,11,GL,20
lsm,12,GL,40
lsm,1,HL,37
lsm,2,HL,14
lsm,3,HL,28
lsm,4,HL,16
lsm,5,HL,78
lsm,6,HL,24
lsm,7,HL,38
lsm,8,HL,22
lsm,9,HL,10
lsm,10,HL,15
lsm,11,HL,32
lsm,12,HL,23
lsm,1,IL,-148
lsm,2,IL,12
lsm,3,IL,14
lsm,4,IL,12
lsm,5,IL,18
lsm,6,IL,2
lsm,7,IL,6
lsm,8,IL,18
lsm,9,IL,10
lsm,10,IL,6
lsm,11,IL,26
lsm,12,IL,12
lsm,1,JL,-44
lsm,2,JL,4
lsm,3,JL,10
lsm,4,JL,6
lsm,5,JL,16
lsm,6,JL,-4
lsm,7,JL,2
lsm,8,JL,8
lsm,9,JL,10
lsm,10,JL,8
lsm,11,JL,28
lsm,12,JL,0
lsm,1,KL,0
lsm,2,KL,0
lsm,3,KL,0
lsm,4,KL,0
lsm,5,KL,0
lsm,6,KL,0
lsm,7,KL,0
lsm,8,KL,0
lsm,9,KL,0
lsm,10,KL,0
lsm,11,KL,0
lsm,12,KL,0
mks,1,AK,-1947
mks,2,AK,-294
mks,3,AK,173
mks,4,AK,157
mks,5,AK,984
mks,6,AK,-541
mks,7,AK,-168
mks,8,AK,77
mks,9,AK,129
mks,10,AK,-178
mks,11,AK,-16
mks,12,AK,461
mks,1,BK,-2033
mks,2,BK,-340
mks,3,BK,78
mks,4,BK,123
mks,5,BK,1163
mks,6,BK,-551
mks,7,BK,-23
mks,8,BK,98
mks,9,BK,193
mks,10,BK,-128
mks,11,BK,146
mks,12,BK,536
mks,1,CK,-739
mks,2,CK,28
mks,3,CK,13
mks,4,CK,12
mks,5,CK,380
mks,6,CK,7
mks,7,CK,-9
mks,8,CK,7
mks,9,CK,28
mks,10,CK,11
mks,11,CK,39
mks,12,CK,80
mks,1,DK,-1146
mks,2,DK,47
mks,3,DK,16
mks,4,DK,32
mks,5,DK,600
mks,6,DK,6
mks,7,DK,2
mks,8,DK,21
mks,9,DK,36
mks,10,DK,32
mks,11,DK,66
mks,12,DK,124
mks,1,EK,-1589
mks,2,EK,88
mks,3,EK,83
mks,4,EK,67
mks,5,EK,1083
mks,6,EK,44
mks,7,EK,42
mks,8,EK,-9
mks,9,EK,77
mks,10,EK,81
mks,11,EK,83
mks,12,EK,145
mks,1,FK,-1391
mks,2,FK,71
mks,3,FK,38
mks,4,FK,71
mks,5,FK,1292
mks,6,FK,80
mks,7,FK,32
mks,8,FK,4
mks,9,FK,67
mks,10,FK,48
mks,11,FK,85
mks,12,FK,218
mks,1,GK,-355
mks,2,GK,27
mks,3,GK,33
mks,4,GK,7
mks,5,GK,119
mks,6,GK,6
mks,7,GK,20
mks,8,GK,31
mks,9,GK,63
mks,10,GK,89
mks,11,GK,57
mks,12,GK,94
mks,1,GL,-1420
mks,2,GL,108
mks,3,GL,132
mks,4,GL,28
mks,5,GL,476
mks,6,GL,24
mks,7,GL,80
mks,8,GL,124
mks,9,GL,252
mks,10,GL,356
mks,11,GL,228
mks,12,GL,376
mks,1,HL,-913
mks,2,HL,189
mks,3,HL,128
mks,4,HL,181
mks,5,HL,401
mks,6,HL,82
mks,7,HL,196
mks,8,HL,180
mks,9,HL,241
mks,10,HL,273
mks,11,HL,180
mks,12,HL,277
mks,1,IL,-1298
mks,2,IL,174
mks,3,IL,128
mks,4,IL,142
mks,5,IL,30
mks,6,IL,30
mks,7,IL,104
mks,8,IL,104
mks,9,IL,164
mks,10,IL,126
mks,11,IL,54
mks,12,IL,162
mks,1,JL,-352
mks,2,JL,192
mks,3,JL,126
mks,4,JL,174
mks,5,JL,176
mks,6,JL,64
mks,7,JL,152
mks,8,JL,104
mks,9,JL,216
mks,10,JL,128
mks,11,JL,90
mks,12,JL,246
mks,1,KL,0
mks,2,KL,0
mks,3,KL,0
mks,4,KL,4
mks,5,KL,0
mks,6,KL,0
mks,7,KL,0
mks,8,KL,4
mks,9,KL,4
mks,10,KL,0
mks,11,KL,4
mks,12,KL,0
mlg,1,AK,-861
mlg,2,AK,-101
mlg,3,AK,108
mlg,4,AK,57
mlg,5,AK,1037
mlg,6,AK,-315
mlg,7,AK,-151
mlg,8,AK,-34
mlg,9,AK,42
mlg,10,AK,42
mlg,11,AK,89
mlg,12,AK,344
mlg,1,BK,-1059
mlg,2,BK,-9
mlg,3,BK,110
mlg,4,BK,422
mlg,5,BK,1562
mlg,6,BK,-510
mlg,7,BK,-319
mlg,8,BK,32
mlg,9,BK,-132
mlg,10,BK,-106
mlg,11,BK,24
mlg,12,BK,552
mlg,1,CK,-20
mlg,2,CK,8
mlg,3,CK,12
mlg,4,CK,234
mlg,5,CK,379
mlg,6,CK,10
mlg,7,CK,4
mlg,8,CK,-30
mlg,9,CK,-13
mlg,10,CK,4
mlg,11,CK,-1
mlg,12,CK,4
mlg,1,DK,-13
mlg,2,DK,14
mlg,3,DK,28
mlg,4,DK,660
mlg,5,DK,590
mlg,6,DK,-48
mlg,7,DK,-17
mlg,8,DK,-87
mlg,9,DK,-6
mlg,10,DK,25
mlg,11,DK,-9
mlg,12,DK,28
mlg,1,EK,-141
mlg,2,EK,-18
mlg,3,EK,-13
mlg,4,EK,719
mlg,5,EK,809
mlg,6,EK,-7
mlg,7,EK,14
mlg,8,EK,-25
mlg,9,EK,43
mlg,10,EK,35
mlg,11,EK,23
mlg,12,EK,14
mlg,1,FK,-89
mlg,2,FK,-6
mlg,3,FK,17
mlg,4,FK,302
mlg,5,FK,875
mlg,6,FK,50
mlg,7,FK,129
mlg,8,FK,-27
mlg,9,FK,48
mlg,10,FK,-57
mlg,11,FK,-34
mlg,12,FK,-62
mlg,1,GK,-55
mlg,2,GK,5
mlg,3,GK,5
mlg,4,GK,29
mlg,5,GK,40
mlg,6,GK,1
mlg,7,GK,4
mlg,8,GK,6
mlg,9,GK,4
mlg,10,GK,6
mlg,11,GK,7
mlg,12,GK,7
mlg,1,GL,-220
mlg,2,GL,20
mlg,3,GL,20
mlg,4,GL,116
mlg,5,GL,160
mlg,6,GL,4
mlg,7,GL,16
mlg,8,GL,24
mlg,9,GL,16
mlg,10,GL,24
mlg,11,GL,28
mlg,12,GL,28
mlg,1,HL,35
mlg,2,HL,36
mlg,3,HL,54
mlg,4,HL,60
mlg,5,HL,60
mlg,6,HL,6
mlg,7,HL,16
mlg,8,HL,41
mlg,9,HL,55
mlg,10,HL,62
mlg,11,HL,54
mlg,12,HL,82
mlg,1,IL,156
mlg,2,IL,50
mlg,3,IL,138
mlg,4,IL,98
mlg,5,IL,62
mlg,6,IL,8
mlg,7,IL,20
mlg,8,IL,32
mlg,9,IL,44
mlg,10,IL,86
mlg,11,IL,62
mlg,12,IL,96
mlg,1,JL,44
mlg,2,JL,26
mlg,3,JL,100
mlg,4,JL,116
mlg,5,JL,64
mlg,6,JL,10
mlg,7,JL,24
mlg,8,JL,40
mlg,9,JL,36
mlg,10,JL,74
mlg,11,JL,56
mlg,12,JL,88
mlg,1,KL,0
mlg,2,KL,0
mlg,3,KL,0
mlg,4,KL,0
mlg,5,KL,0
mlg,6,KL,0
mlg,7,KL,0
mlg,8,KL,0
mlg,9,KL,0
mlg,10,KL,0
mlg,11,KL,0
mlg,12,KL,0
mam,1,AK,-155
mam,2,AK,34
mam,3,AK,38
mam,4,AK,86
mam,5,AK,176
mam,6,AK,42
mam,7,AK,-3
mam,8,AK,38
mam,9,AK,39
mam,10,AK,13
mam,11,AK,68
mam,12,AK,121
mam,1,BK,-249
mam,2,BK,28
mam,3,BK,53
mam,4,BK,130
mam,5,BK,173
mam,6,BK,127
mam,7,BK,45
mam,8,BK,167
mam,9,BK,52
mam,10,BK,22
mam,11,BK,77
mam,12,BK,157
mam,1,CK,-25
mam,2,CK,16
mam,3,CK,13
mam,4,CK,36
mam,5,CK,41
mam,6,CK,42
mam,7,CK,-47
mam,8,CK,26
mam,9,CK,10
mam,10,CK,22
mam,11,CK,40
mam,12,CK,28
mam,1,DK,10
mam,2,DK,9
mam,3,DK,10
mam,4,DK,45
mam,5,DK,60
mam,6,DK,42
mam,7,DK,-77
mam,8,DK,34
mam,9,DK,29
mam,10,DK,39
mam,11,DK,100
mam,12,DK,63
mam,1,EK,21
mam,2,EK,12
mam,3,EK,4
mam,4,EK,61
mam,5,EK,87
mam,6,EK,68
mam,7,EK,-49
mam,8,EK,34
mam,9,EK,31
mam,10,EK,37
mam,11,EK,75
mam,12,EK,100
mam,1,FK,18
mam,2,FK,51
mam,3,FK,28
mam,4,FK,65
mam,5,FK,110
mam,6,FK,98
mam,7,FK,-74
mam,8,FK,-12
mam,9,FK,24
mam,10,FK,27
mam,11,FK,54
mam,12,FK,91
mam,1,GK,-59
mam,2,GK,3
mam,3,GK,6
mam,4,GK,5
mam,5,GK,24
mam,6,GK,18
mam,7,GK,-4
mam,8,GK,5
mam,9,GK,11
mam,10,GK,5
mam,11,GK,10
mam,12,GK,3
mam,1,GL,-236
mam,2,GL,12
mam,3,GL,24
mam,4,GL,20
mam,5,GL,96
mam,6,GL,72
mam,7,GL,-16
mam,8,GL,20
mam,9,GL,44
mam,10,GL,20
mam,11,GL,40
mam,12,GL,12
mam,1,HL,-2
mam,2,HL,12
mam,3,HL,11
mam,4,HL,12
mam,5,HL,5
mam,6,HL,17
mam,7,HL,22
mam,8,HL,27
mam,9,HL,10
mam,10,HL,11
mam,11,HL,2
mam,12,HL,8
mam,1,IL,-38
mam,2,IL,4
mam,3,IL,2
mam,4,IL,6
mam,5,IL,0
mam,6,IL,4
mam,7,IL,8
mam,8,IL,12
mam,9,IL,4
mam,10,IL,6
mam,11,IL,0
mam,12,IL,0
mam,1,JL,-32
mam,2,JL,2
mam,3,JL,4
mam,4,JL,6
mam,5,JL,2
mam,6,JL,8
mam,7,JL,6
mam,8,JL,14
mam,9,JL,8
mam,10,JL,4
mam,11,JL,2
mam,12,JL,-2
mam,1,KL,0
mam,2,KL,0
mam,3,KL,0
mam,4,KL,0
mam,5,KL,0
mam,6,KL,0
mam,7,KL,0
mam,8,KL,0
mam,9,KL,0
mam,10,KL,0
mam,11,KL,0
mam,12,KL,0
mnd,1,AK,-584
mnd,2,AK,43
mnd,3,AK,88
mnd,4,AK,110
mnd,5,AK,381
mnd,6,AK,-71
mnd,7,AK,-62
mnd,8,AK,48
mnd,9,AK,72
mnd,10,AK,39
mnd,11,AK,100
mnd,12,AK,384
mnd,1,BK,-1299
mnd,2,BK,192
mnd,3,BK,34
mnd,4,BK,136
mnd,5,BK,495
mnd,6,BK,-176
mnd,7,BK,-125
mnd,8,BK,100
mnd,9,BK,117
mnd,10,BK,138
mnd,11,BK,228
mnd,12,BK,675
mnd,1,CK,-794
mnd,2,CK,-7
mnd,3,CK,8
mnd,4,CK,5
mnd,5,CK,165
mnd,6,CK,13
mnd,7,CK,16
mnd,8,CK,14
mnd,9,CK,5
mnd,10,CK,14
mnd,11,CK,28
mnd,12,CK,99
mnd,1,DK,-686
mnd,2,DK,8
mnd,3,DK,17
mnd,4,DK,10
mnd,5,DK,192
mnd,6,DK,14
mnd,7,DK,17
mnd,8,DK,9
mnd,9,DK,11
mnd,10,DK,20
mnd,11,DK,37
mnd,12,DK,128
mnd,1,EK,-1398
mnd,2,EK,6
mnd,3,EK,11
mnd,4,EK,35
mnd,5,EK,276
mnd,6,EK,30
mnd,7,EK,42
mnd,8,EK,13
mnd,9,EK,4
mnd,10,EK,36
mnd,11,EK,53
mnd,12,EK,198
mnd,1,FK,-1093
mnd,2,FK,-6
mnd,3,FK,22
mnd,4,FK,68
mnd,5,FK,335
mnd,6,FK,57
mnd,7,FK,63
mnd,8,FK,49
mnd,9,FK,4
mnd,10,FK,9
mnd,11,FK,97
mnd,12,FK,206
mnd,1,GK,-8
mnd,2,GK,-2
mnd,3,GK,1
mnd,4,GK,30
mnd,5,GK,174
mnd,6,GK,42
mnd,7,GK,13
mnd,8,GK,9
mnd,9,GK,34
mnd,10,GK,19
mnd,11,GK,87
mnd,12,GK,104
mnd,1,GL,-32
mnd,2,GL,-8
mnd,3,GL,4
mnd,4,GL,120
mnd,5,GL,696
mnd,6,GL,168
mnd,7,GL,52
mnd,8,GL,36
mnd,9,GL,136
mnd,10,GL,76
mnd,11,GL,348
mnd,12,GL,416
mnd,1,HL,-260
mnd,2,HL,16
mnd,3,HL,19
mnd,4,HL,21
mnd,5,HL,95
mnd,6,HL,28
mnd,7,HL,50
mnd,8,HL,48
mnd,9,HL,23
mnd,10,HL,55
mnd,11,HL,38
mnd,12,HL,66
mnd,1,IL,0
mnd,2,IL,42
mnd,3,IL,74
mnd,4,IL,68
mnd,5,IL,228
mnd,6,IL,48
mnd,7,IL,82
mnd,8,IL,100
mnd,9,IL,82
mnd,10,IL,70
mnd,11,IL,94
mnd,12,IL,102
mnd,1,JL,-124
mnd,2,JL,66
mnd,3,JL,68
mnd,4,JL,62
mnd,5,JL,194
mnd,6,JL,32
mnd,7,JL,90
mnd,8,JL,64
mnd,9,JL,68
mnd,10,JL,58
mnd,11,JL,56
mnd,12,JL,108
mnd,1,KL,0
mnd,2,KL,0
mnd,3,KL,0
mnd,4,KL,0
mnd,5,KL,0
mnd,6,KL,0
mnd,7,KL,0
mnd,8,KL,0
mnd,9,KL,0
mnd,10,KL,0
mnd,11,KL,0
mnd,12,KL,0
mnk,1,AK,-372
mnk,2,AK,-43
mnk,3,AK,18
mnk,4,AK,60
mnk,5,AK,140
mnk,6,AK,77
mnk,7,AK,78
mnk,8,AK,63
mnk,9,AK,69
mnk,10,AK,58
mnk,11,AK,115
mnk,12,AK,491
mnk,1,BK,-94
mnk,2,BK,-22
mnk,3,BK,14
mnk,4,BK,36
mnk,5,BK,89
mnk,6,BK,31
mnk,7,BK,23
mnk,8,BK,25
mnk,9,BK,38
mnk,10,BK,36
mnk,11,BK,52
mnk,12,BK,184
mnk,1,CK,-12
mnk,2,CK,3
mnk,3,CK,5
mnk,4,CK,8
mnk,5,CK,17
mnk,6,CK,2
mnk,7,CK,9
mnk,8,CK,-1
mnk,9,CK,5
mnk,10,CK,5
mnk,11,CK,5
mnk,12,CK,11
mnk,1,DK,-11
mnk,2,DK,2
mnk,3,DK,6
mnk,4,DK,6
mnk,5,DK,23
mnk,6,DK,2
mnk,7,DK,11
mnk,8,DK,-2
mnk,9,DK,12
mnk,10,DK,10
mnk,11,DK,7
mnk,12,DK,17
mnk,1,EK,10
mnk,2,EK,2
mnk,3,EK,3
mnk,4,EK,12
mnk,5,EK,30
mnk,6,EK,4
mnk,7,EK,13
mnk,8,EK,-2
mnk,9,EK,10
mnk,10,EK,11
mnk,11,EK,9
mnk,12,EK,20
mnk,1,FK,7
mnk,2,FK,6
mnk,3,FK,6
mnk,4,FK,10
mnk,5,FK,30
mnk,6,FK,4
mnk,7,FK,17
mnk,8,FK,3
mnk,9,FK,12
mnk,10,FK,11
mnk,11,FK,9
mnk,12,FK,18
mnk,1,GK,2
mnk,2,GK,1
mnk,3,GK,-1
mnk,4,GK,5
mnk,5,GK,14
mnk,6,GK,1
mnk,7,GK,4
mnk,8,GK,0
mnk,9,GK,2
mnk,10,GK,3
mnk,11,GK,8
mnk,12,GK,8
mnk,1,GL,8
mnk,2,GL,4
mnk,3,GL,-4
mnk,4,GL,20
mnk,5,GL,56
mnk,6,GL,4
mnk,7,GL,16
mnk,8,GL,0
mnk,9,GL,8
mnk,10,GL,12
mnk,11,GL,32
mnk,12,GL,32
mnk,1,HL,8
mnk,2,HL,6
mnk,3,HL,7
mnk,4,HL,10
mnk,5,HL,12
mnk,6,HL,8
mnk,7,HL,10
mnk,8,HL,11
mnk,9,HL,10
mnk,10,HL,11
mnk,11,HL,6
mnk,12,HL,14
mnk,1,IL,2
mnk,2,IL,12
mnk,3,IL,14
mnk,4,IL,12
mnk,5,IL,16
mnk,6,IL,6
mnk,7,IL,18
mnk,8,IL,16
mnk,9,IL,6
mnk,10,IL,8
mnk,11,IL,10
mnk,12,IL,16
mnk,1,JL,12
mnk,2,JL,10
mnk,3,JL,12
mnk,4,JL,12
mnk,5,JL,16
mnk,6,JL,4
mnk,7,JL,14
mnk,8,JL,18
mnk,9,JL,8
mnk,10,JL,10
mnk,11,JL,12
mnk,12,JL,14
mnk,1,KL,0
mnk,2,KL,0
mnk,3,KL,0
mnk,4,KL,0
mnk,5,KL,0
mnk,6,KL,0
mnk,7,KL,0
mnk,8,KL,0
mnk,9,KL,0
mnk,10,KL,0
mnk,11,KL,0
mnk,12,KL,0
mtr,1,AK,-582
mtr,2,AK,-108
mtr,3,AK,125
mtr,4,AK,190
mtr,5,AK,803
mtr,6,AK,-217
mtr,7,AK,-116
mtr,8,AK,23
mtr,9,AK,193
mtr,10,AK,81
mtr,11,AK,67
mtr,12,AK,149
mtr,1,BK,-590
mtr,2,BK,-91
mtr,3,BK,189
mtr,4,BK,348
mtr,5,BK,935
mtr,6,BK,-254
mtr,7,BK,-14
mtr,8,BK,135
mtr,9,BK,261
mtr,10,BK,117
mtr,11,BK,124
mtr,12,BK,211
mtr,1,CK,-142
mtr,2,CK,9
mtr,3,CK,28
mtr,4,CK,45
mtr,5,CK,199
mtr,6,CK,-26
mtr,7,CK,0
mtr,8,CK,23
mtr,9,CK,21
mtr,10,CK,34
mtr,11,CK,28
mtr,12,CK,17
mtr,1,DK,-131
mtr,2,DK,30
mtr,3,DK,42
mtr,4,DK,74
mtr,5,DK,369
mtr,6,DK,-6
mtr,7,DK,9
mtr,8,DK,16
mtr,9,DK,50
mtr,10,DK,89
mtr,11,DK,68
mtr,12,DK,59
mtr,1,EK,-249
mtr,2,EK,34
mtr,3,EK,56
mtr,4,EK,87
mtr,5,EK,504
mtr,6,EK,16
mtr,7,EK,38
mtr,8,EK,21
mtr,9,EK,64
mtr,10,EK,114
mtr,11,EK,98
mtr,12,EK,85
mtr,1,FK,-225
mtr,2,FK,32
mtr,3,FK,59
mtr,4,FK,93
mtr,5,FK,539
mtr,6,FK,33
mtr,7,FK,55
mtr,8,FK,39
mtr,9,FK,81
mtr,10,FK,101
mtr,11,FK,86
mtr,12,FK,76
mtr,1,GK,-90
mtr,2,GK,2
mtr,3,GK,6
mtr,4,GK,5
mtr,5,GK,35
mtr,6,GK,1
mtr,7,GK,3
mtr,8,GK,5
mtr,9,GK,7
mtr,10,GK,5
mtr,11,GK,6
mtr,12,GK,5
mtr,1,GL,-360
mtr,2,GL,8
mtr,3,GL,24
mtr,4,GL,20
mtr,5,GL,140
mtr,6,GL,4
mtr,7,GL,12
mtr,8,GL,20
mtr,9,GL,28
mtr,10,GL,20
mtr,11,GL,24
mtr,12,GL,20
mtr,1,HL,90
mtr,2,HL,33
mtr,3,HL,33
mtr,4,HL,44
mtr,5,HL,65
mtr,6,HL,40
mtr,7,HL,43
mtr,8,HL,21
mtr,9,HL,21
mtr,10,HL,72
mtr,11,HL,50
mtr,12,HL,73
mtr,1,IL,-86
mtr,2,IL,12
mtr,3,IL,42
mtr,4,IL,26
mtr,5,IL,66
mtr,6,IL,32
mtr,7,IL,46
mtr,8,IL,16
mtr,9,IL,34
mtr,10,IL,46
mtr,11,IL,40
mtr,12,IL,50
mtr,1,JL,-112
mtr,2,JL,16
mtr,3,JL,46
mtr,4,JL,34
mtr,5,JL,74
mtr,6,JL,38
mtr,7,JL,46
mtr,8,JL,22
mtr,9,JL,42
mtr,10,JL,54
mtr,11,JL,20
mtr,12,JL,66
mtr,1,KL,0
mtr,2,KL,0
mtr,3,KL,0
mtr,4,KL,0
mtr,5,KL,0
mtr,6,KL,0
mtr,7,KL,0
mtr,8,KL,0
mtr,9,KL,0
mtr,10,KL,0
mtr,11,KL,0
mtr,12,KL,0
mdn,1,AK,-588
mdn,2,AK,-506
mdn,3,AK,303
mdn,4,AK,232
mdn,5,AK,928
mdn,6,AK,-664
mdn,7,AK,-714
mdn,8,AK,-92
mdn,9,AK,-266
mdn,10,AK,-131
mdn,11,AK,-53
mdn,12,AK,659
mdn,1,BK,-207
mdn,2,BK,-55
mdn,3,BK,440
mdn,4,BK,881
mdn,5,BK,1183
mdn,6,BK,-1288
mdn,7,BK,-513
mdn,8,BK,-109
mdn,9,BK,-272
mdn,10,BK,-237
mdn,11,BK,17
mdn,12,BK,567
mdn,1,CK,-1514
mdn,2,CK,20
mdn,3,CK,30
mdn,4,CK,127
mdn,5,CK,304
mdn,6,CK,68
mdn,7,CK,-21
mdn,8,CK,64
mdn,9,CK,6
mdn,10,CK,-26
mdn,11,CK,12
mdn,12,CK,195
mdn,1,DK,-2762
mdn,2,DK,-20
mdn,3,DK,67
mdn,4,DK,66
mdn,5,DK,809
mdn,6,DK,204
mdn,7,DK,180
mdn,8,DK,262
mdn,9,DK,61
mdn,10,DK,54
mdn,11,DK,215
mdn,12,DK,217
mdn,1,EK,-3151
mdn,2,EK,-60
mdn,3,EK,165
mdn,4,EK,80
mdn,5,EK,1144
mdn,6,EK,589
mdn,7,EK,277
mdn,8,EK,647
mdn,9,EK,175
mdn,10,EK,97
mdn,11,EK,338
mdn,12,EK,647
mdn,1,FK,-1536
mdn,2,FK,5
mdn,3,FK,224
mdn,4,FK,125
mdn,5,FK,1540
mdn,6,FK,460
mdn,7,FK,415
mdn,8,FK,483
mdn,9,FK,242
mdn,10,FK,139
mdn,11,FK,463
mdn,12,FK,454
mdn,1,GK,-215
mdn,2,GK,14
mdn,3,GK,9
mdn,4,GK,7
mdn,5,GK,30
mdn,6,GK,25
mdn,7,GK,22
mdn,8,GK,19
mdn,9,GK,21
mdn,10,GK,32
mdn,11,GK,23
mdn,12,GK,56
mdn,1,GL,-860
mdn,2,GL,56
mdn,3,GL,36
mdn,4,GL,28
mdn,5,GL,120
mdn,6,GL,100
mdn,7,GL,88
mdn,8,GL,76
mdn,9,GL,84
mdn,10,GL,128
mdn,11,GL,92
mdn,12,GL,224
mdn,1,HL,-731
mdn,2,HL,298
mdn,3,HL,351
mdn,4,HL,376
mdn,5,HL,245
mdn,6,HL,147
mdn,7,HL,326
mdn,8,HL,258
mdn,9,HL,321
mdn,10,HL,408
mdn,11,HL,382
mdn,12,HL,238
mdn,1,IL,-2184
mdn,2,IL,150
mdn,3,IL,166
mdn,4,IL,198
mdn,5,IL,140
mdn,6,IL,94
mdn,7,IL,210
mdn,8,IL,158
mdn,9,IL,192
mdn,10,IL,226
mdn,11,IL,190
mdn,12,IL,126
mdn,1,JL,-554
mdn,2,JL,86
mdn,3,JL,100
mdn,4,JL,118
mdn,5,JL,82
mdn,6,JL,58
mdn,7,JL,142
mdn,8,JL,110
mdn,9,JL,126
mdn,10,JL,160
mdn,11,JL,136
mdn,12,JL,88
mdn,1,KL,0
mdn,2,KL,0
mdn,3,KL,0
mdn,4,KL,0
mdn,5,KL,0
mdn,6,KL,0
mdn,7,KL,0
mdn,8,KL,0
mdn,9,KL,0
mdn,10,KL,0
mdn,11,KL,0
mdn,12,KL,0
pad,1,AK,-932
pad,2,AK,-60
pad,3,AK,105
pad,4,AK,-95
pad,5,AK,778
pad,6,AK,-697
pad,7,AK,-205
pad,8,AK,-1
pad,9,AK,-46
pad,10,AK,-16
pad,11,AK,60
pad,12,AK,313
pad,1,BK,-1522
pad,2,BK,-145
pad,3,BK,138
pad,4,BK,-64
pad,5,BK,1511
pad,6,BK,-755
pad,7,BK,-420
pad,8,BK,-49
pad,9,BK,-9
pad,10,BK,-182
pad,11,BK,-25
pad,12,BK,446
pad,1,CK,-242
pad,2,CK,22
pad,3,CK,31
pad,4,CK,28
pad,5,CK,264
pad,6,CK,-4
pad,7,CK,29
pad,8,CK,-1
pad,9,CK,6
pad,10,CK,5
pad,11,CK,-13
pad,12,CK,54
pad,1,DK,-202
pad,2,DK,47
pad,3,DK,81
pad,4,DK,56
pad,5,DK,752
pad,6,DK,77
pad,7,DK,-10
pad,8,DK,-32
pad,9,DK,51
pad,10,DK,91
pad,11,DK,109
pad,12,DK,112
pad,1,EK,-717
pad,2,EK,85
pad,3,EK,70
pad,4,EK,88
pad,5,EK,1371
pad,6,EK,-66
pad,7,EK,-225
pad,8,EK,-178
pad,9,EK,-68
pad,10,EK,172
pad,11,EK,176
pad,12,EK,178
pad,1,FK,-1602
pad,2,FK,98
pad,3,FK,83
pad,4,FK,89
pad,5,FK,1982
pad,6,FK,242
pad,7,FK,-30
pad,8,FK,-140
pad,9,FK,-63
pad,10,FK,8
pad,11,FK,56
pad,12,FK,254
pad,1,GK,-30
pad,2,GK,4
pad,3,GK,3
pad,4,GK,5
pad,5,GK,64
pad,6,GK,51
pad,7,GK,1
pad,8,GK,3
pad,9,GK,20
pad,10,GK,20
pad,11,GK,16
pad,12,GK,21
pad,1,GL,-120
pad,2,GL,16
pad,3,GL,12
pad,4,GL,20
pad,5,GL,256
pad,6,GL,204
pad,7,GL,4
pad,8,GL,12
pad,9,GL,80
pad,10,GL,80
pad,11,GL,64
pad,12,GL,84
pad,1,HL,67
pad,2,HL,92
pad,3,HL,169
pad,4,HL,157
pad,5,HL,111
pad,6,HL,123
pad,7,HL,130
pad,8,HL,117
pad,9,HL,99
pad,10,HL,84
pad,11,HL,117
pad,12,HL,117
pad,1,IL,20
pad,2,IL,110
pad,3,IL,38
pad,4,IL,116
pad,5,IL,42
pad,6,IL,44
pad,7,IL,54
pad,8,IL,90
pad,9,IL,76
pad,10,IL,68
pad,11,IL,80
pad,12,IL,56
pad,1,JL,-14
pad,2,JL,94
pad,3,JL,26
pad,4,JL,94
pad,5,JL,96
pad,6,JL,34
pad,7,JL,46
pad,8,JL,66
pad,9,JL,44
pad,10,JL,60
pad,11,JL,62
pad,12,JL,54
pad,1,KL,0
pad,2,KL,0
pad,3,KL,0
pad,4,KL,0
pad,5,KL,0
pad,6,KL,0
pad,7,KL,0
pad,8,KL,0
pad,9,KL,0
pad,10,KL,0
pad,11,KL,0
pad,12,KL,0
plk,1,AK,-463
plk,2,AK,144
plk,3,AK,270
plk,4,AK,333
plk,5,AK,897
plk,6,AK,134
plk,7,AK,201
plk,8,AK,251
plk,9,AK,192
plk,10,AK,269
plk,11,AK,433
plk,12,AK,714
plk,1,BK,-489
plk,2,BK,83
plk,3,BK,192
plk,4,BK,281
plk,5,BK,588
plk,6,BK,12
plk,7,BK,164
plk,8,BK,260
plk,9,BK,198
plk,10,BK,240
plk,11,BK,328
plk,12,BK,518
plk,1,CK,-9
plk,2,CK,13
plk,3,CK,18
plk,4,CK,29
plk,5,CK,97
plk,6,CK,24
plk,7,CK,62
plk,8,CK,30
plk,9,CK,18
plk,10,CK,19
plk,11,CK,21
plk,12,CK,21
plk,1,DK,-240
plk,2,DK,21
plk,3,DK,35
plk,4,DK,42
plk,5,DK,127
plk,6,DK,33
plk,7,DK,34
plk,8,DK,22
plk,9,DK,34
plk,10,DK,37
plk,11,DK,34
plk,12,DK,41
plk,1,EK,-237
plk,2,EK,32
plk,3,EK,42
plk,4,EK,47
plk,5,EK,163
plk,6,EK,49
plk,7,EK,38
plk,8,EK,39
plk,9,EK,37
plk,10,EK,37
plk,11,EK,39
plk,12,EK,77
plk,1,FK,-151
plk,2,FK,40
plk,3,FK,54
plk,4,FK,51
plk,5,FK,152
plk,6,FK,39
plk,7,FK,45
plk,8,FK,42
plk,9,FK,47
plk,10,FK,54
plk,11,FK,58
plk,12,FK,96
plk,1,GK,-9
plk,2,GK,0
plk,3,GK,2
plk,4,GK,5
plk,5,GK,12
plk,6,GK,5
plk,7,GK,2
plk,8,GK,2
plk,9,GK,13
plk,10,GK,16
plk,11,GK,14
plk,12,GK,13
plk,1,GL,-36
plk,2,GL,0
plk,3,GL,8
plk,4,GL,20
plk,5,GL,48
plk,6,GL,20
plk,7,GL,8
plk,8,GL,8
plk,9,GL,52
plk,10,GL,64
plk,11,GL,56
plk,12,GL,52
plk,1,HL,143
plk,2,HL,68
plk,3,HL,45
plk,4,HL,93
plk,5,HL,106
plk,6,HL,58
plk,7,HL,118
plk,8,HL,96
plk,9,HL,75
plk,10,HL,85
plk,11,HL,116
plk,12,HL,67
plk,1,IL,94
plk,2,IL,48
plk,3,IL,28
plk,4,IL,70
plk,5,IL,96
plk,6,IL,50
plk,7,IL,70
plk,8,IL,64
plk,9,IL,48
plk,10,IL,84
plk,11,IL,102
plk,12,IL,60
plk,1,JL,140
plk,2,JL,46
plk,3,JL,22
plk,4,JL,80
plk,5,JL,44
plk,6,JL,44
plk,7,JL,68
plk,8,JL,50
plk,9,JL,56
plk,10,JL,72
plk,11,JL,60
plk,12,JL,4
plk,1,KL,0
plk,2,KL,0
plk,3,KL,0
plk,4,KL,0
plk,5,KL,0
plk,6,KL,0
plk,7,KL,0
plk,8,KL,0
plk,9,KL,0
plk,10,KL,0
plk,11,KL,0
plk,12,KL,0
plg,1,AK,-115
plg,2,AK,64
plg,3,AK,277
plg,4,AK,226
plg,5,AK,1910
plg,6,AK,-444
plg,7,AK,25
plg,8,AK,164
plg,9,AK,263
plg,10,AK,313
plg,11,AK,377
plg,12,AK,315
plg,1,BK,-2449
plg,2,BK,89
plg,3,BK,184
plg,4,BK,184
plg,5,BK,2432
plg,6,BK,-703
plg,7,BK,32
plg,8,BK,235
plg,9,BK,166
plg,10,BK,378
plg,11,BK,221
plg,12,BK,231
plg,1,CK,-824
plg,2,CK,27
plg,3,CK,49
plg,4,CK,44
plg,5,CK,303
plg,6,CK,-61
plg,7,CK,-21
plg,8,CK,40
plg,9,CK,92
plg,10,CK,71
plg,11,CK,65
plg,12,CK,91
plg,1,DK,-1671
plg,2,DK,86
plg,3,DK,77
plg,4,DK,137
plg,5,DK,909
plg,6,DK,63
plg,7,DK,-22
plg,8,DK,93
plg,9,DK,160
plg,10,DK,156
plg,11,DK,176
plg,12,DK,152
plg,1,EK,-2268
plg,2,EK,91
plg,3,EK,110
plg,4,EK,108
plg,5,EK,785
plg,6,EK,66
plg,7,EK,-10
plg,8,EK,15
plg,9,EK,218
plg,10,EK,175
plg,11,EK,147
plg,12,EK,76
plg,1,FK,-2217
plg,2,FK,112
plg,3,FK,130
plg,4,FK,149
plg,5,FK,778
plg,6,FK,49
plg,7,FK,53
plg,8,FK,98
plg,9,FK,260
plg,10,FK,265
plg,11,FK,226
plg,12,FK,128
plg,1,GK,7
plg,2,GK,16
plg,3,GK,76
plg,4,GK,142
plg,5,GK,254
plg,6,GK,48
plg,7,GK,59
plg,8,GK,40
plg,9,GK,80
plg,10,GK,86
plg,11,GK,94
plg,12,GK,98
plg,1,GL,28
plg,2,GL,64
plg,3,GL,304
plg,4,GL,568
plg,5,GL,1016
plg,6,GL,192
plg,7,GL,236
plg,8,GL,160
plg,9,GL,320
plg,10,GL,344
plg,11,GL,376
plg,12,GL,392
plg,1,HL,298
plg,2,HL,170
plg,3,HL,188
plg,4,HL,195
plg,5,HL,406
plg,6,HL,185
plg,7,HL,228
plg,8,HL,185
plg,9,HL,196
plg,10,HL,173
plg,11,HL,210
plg,12,HL,58
plg,1,IL,-376
plg,2,IL,134
plg,3,IL,166
plg,4,IL,214
plg,5,IL,308
plg,6,IL,148
plg,7,IL,300
plg,8,IL,176
plg,9,IL,214
plg,10,IL,186
plg,11,IL,240
plg,12,IL,262
plg,1,JL,228
plg,2,JL,86
plg,3,JL,152
plg,4,JL,178
plg,5,JL,410
plg,6,JL,136
plg,7,JL,252
plg,8,JL,164
plg,9,JL,264
plg,10,JL,114
plg,11,JL,202
plg,12,JL,126
plg,1,KL,0
plg,2,KL,0
plg,3,KL,0
plg,4,KL,0
plg,5,KL,0
plg,6,KL,0
plg,7,KL,0
plg,8,KL,0
plg,9,KL,0
plg,10,KL,0
plg,11,KL,0
plg,12,KL,0
pal,1,AK,-484
pal,2,AK,-3
pal,3,AK,34
pal,4,AK,98
pal,5,AK,420
pal,6,AK,-35
pal,7,AK,13
pal,8,AK,54
pal,9,AK,64
pal,10,AK,104
pal,11,AK,219
pal,12,AK,354
pal,1,BK,-385
pal,2,BK,9
pal,3,BK,17
pal,4,BK,140
pal,5,BK,637
pal,6,BK,1
pal,7,BK,-22
pal,8,BK,64
pal,9,BK,67
pal,10,BK,124
pal,11,BK,240
pal,12,BK,359
pal,1,CK,-142
pal,2,CK,10
pal,3,CK,-7
pal,4,CK,11
pal,5,CK,66
pal,6,CK,-2
pal,7,CK,-21
pal,8,CK,4
pal,9,CK,7
pal,10,CK,7
pal,11,CK,21
pal,12,CK,53
pal,1,DK,-142
pal,2,DK,22
pal,3,DK,-6
pal,4,DK,19
pal,5,DK,116
pal,6,DK,-2
pal,7,DK,-25
pal,8,DK,6
pal,9,DK,19
pal,10,DK,13
pal,11,DK,27
pal,12,DK,64
pal,1,EK,-181
pal,2,EK,27
pal,3,EK,6
pal,4,EK,36
pal,5,EK,167
pal,6,EK,1
pal,7,EK,-10
pal,8,EK,0
pal,9,EK,33
pal,10,EK,13
pal,11,EK,44
pal,12,EK,82
pal,1,FK,-33
pal,2,FK,45
pal,3,FK,5
pal,4,FK,38
pal,5,FK,213
pal,6,FK,15
pal,7,FK,-8
pal,8,FK,6
pal,9,FK,32
pal,10,FK,13
pal,11,FK,47
pal,12,FK,85
pal,1,GK,-53
pal,2,GK,-1
pal,3,GK,-1
pal,4,GK,-1
pal,5,GK,26
pal,6,GK,-6
pal,7,GK,-6
pal,8,GK,5
pal,9,GK,-5
pal,10,GK,-2
pal,11,GK,-5
pal,12,GK,13
pal,1,GL,-212
pal,2,GL,-4
pal,3,GL,-4
pal,4,GL,-4
pal,5,GL,104
pal,6,GL,-24
pal,7,GL,-24
pal,8,GL,20
pal,9,GL,-20
pal,10,GL,-8
pal,11,GL,-20
pal,12,GL,52
pal,1,HL,28
pal,2,HL,24
pal,3,HL,23
pal,4,HL,171
pal,5,HL,216
pal,6,HL,7
pal,7,HL,30
pal,8,HL,20
pal,9,HL,-4
pal,10,HL,-4
pal,11,HL,186
pal,12,HL,211
pal,1,IL,-240
pal,2,IL,12
pal,3,IL,16
pal,4,IL,32
pal,5,IL,64
pal,6,IL,8
pal,7,IL,28
pal,8,IL,16
pal,9,IL,-4
pal,10,IL,0
pal,11,IL,34
pal,12,IL,36
pal,1,JL,-188
pal,2,JL,8
pal,3,JL,22
pal,4,JL,18
pal,5,JL,52
pal,6,JL,4
pal,7,JL,36
pal,8,JL,4
pal,9,JL,-4
pal,10,JL,-8
pal,11,JL,20
pal,12,JL,10
pal,1,KL,0
pal,2,KL,0
pal,3,KL,0
pal,4,KL,0
pal,5,KL,0
pal,6,KL,0
pal,7,KL,0
pal,8,KL,0
pal,9,KL,0
pal,10,KL,0
pal,11,KL,0
pal,12,KL,0
pgp,1,AK,-332
pgp,2,AK,11
pgp,3,AK,52
pgp,4,AK,81
pgp,5,AK,185
pgp,6,AK,93
pgp,7,AK,41
pgp,8,AK,84
pgp,9,AK,60
pgp,10,AK,84
pgp,11,AK,74
pgp,12,AK,205
pgp,1,BK,-878
pgp,2,BK,12
pgp,3,BK,50
pgp,4,BK,95
pgp,5,BK,221
pgp,6,BK,78
pgp,7,BK,60
pgp,8,BK,101
pgp,9,BK,76
pgp,10,BK,112
pgp,11,BK,93
pgp,12,BK,207
pgp,1,CK,-157
pgp,2,CK,20
pgp,3,CK,15
pgp,4,CK,10
pgp,5,CK,40
pgp,6,CK,17
pgp,7,CK,-5
pgp,8,CK,9
pgp,9,CK,0
pgp,10,CK,10
pgp,11,CK,7
pgp,12,CK,28
pgp,1,DK,-112
pgp,2,DK,33
pgp,3,DK,9
pgp,4,DK,14
pgp,5,DK,100
pgp,6,DK,30
pgp,7,DK,-12
pgp,8,DK,9
pgp,9,DK,4
pgp,10,DK,15
pgp,11,DK,7
pgp,12,DK,30
pgp,1,EK,-127
pgp,2,EK,40
pgp,3,EK,16
pgp,4,EK,19
pgp,5,EK,115
pgp,6,EK,58
pgp,7,EK,0
pgp,8,EK,10
pgp,9,EK,6
pgp,10,EK,24
pgp,11,EK,9
pgp,12,EK,36
pgp,1,FK,-117
pgp,2,FK,35
pgp,3,FK,22
pgp,4,FK,33
pgp,5,FK,109
pgp,6,FK,87
pgp,7,FK,7
pgp,8,FK,15
pgp,9,FK,16
pgp,10,FK,40
pgp,11,FK,13
pgp,12,FK,46
pgp,1,GK,5
pgp,2,GK,3
pgp,3,GK,14
pgp,4,GK,21
pgp,5,GK,12
pgp,6,GK,10
pgp,7,GK,3
pgp,8,GK,4
pgp,9,GK,7
pgp,10,GK,8
pgp,11,GK,6
pgp,12,GK,12
pgp,1,GL,20
pgp,2,GL,12
pgp,3,GL,56
pgp,4,GL,84
pgp,5,GL,48
pgp,6,GL,40
pgp,7,GL,12
pgp,8,GL,16
pgp,9,GL,28
pgp,10,GL,32
pgp,11,GL,24
pgp,12,GL,48
pgp,1,HL,35
pgp,2,HL,34
pgp,3,HL,34
pgp,4,HL,49
pgp,5,HL,74
pgp,6,HL,6
pgp,7,HL,19
pgp,8,HL,24
pgp,9,HL,45
pgp,10,HL,63
pgp,11,HL,11
pgp,12,HL,50
pgp,1,IL,-18
pgp,2,IL,22
pgp,3,IL,14
pgp,4,IL,44
pgp,5,IL,36
pgp,6,IL,2
pgp,7,IL,24
pgp,8,IL,28
pgp,9,IL,26
pgp,10,IL,30
pgp,11,IL,18
pgp,12,IL,30
pgp,1,JL,-16
pgp,2,JL,22
pgp,3,JL,10
pgp,4,JL,30
pgp,5,JL,20
pgp,6,JL,0
pgp,7,JL,26
pgp,8,JL,26
pgp,9,JL,34
pgp,10,JL,16
pgp,11,JL,14
pgp,12,JL,6
pgp,1,KL,0
pgp,2,KL,0
pgp,3,KL,0
pgp,4,KL,4
pgp,5,KL,0
pgp,6,KL,4
pgp,7,KL,0
pgp,8,KL,4
pgp,9,KL,0
pgp,10,KL,4
pgp,11,KL,0
pgp,12,KL,0
pbr,1,AK,-1914
pbr,2,AK,72
pbr,3,AK,373
pbr,4,AK,245
pbr,5,AK,1418
pbr,6,AK,-449
pbr,7,AK,-88
pbr,8,AK,256
pbr,9,AK,230
pbr,10,AK,321
pbr,11,AK,493
pbr,12,AK,1194
pbr,1,BK,-1552
pbr,2,BK,-135
pbr,3,BK,167
pbr,4,BK,233
pbr,5,BK,1673
pbr,6,BK,-812
pbr,7,BK,-351
pbr,8,BK,50
pbr,9,BK,187
pbr,10,BK,495
pbr,11,BK,284
pbr,12,BK,692
pbr,1,CK,-569
pbr,2,CK,38
pbr,3,CK,10
pbr,4,CK,6
pbr,5,CK,305
pbr,6,CK,71
pbr,7,CK,-74
pbr,8,CK,85
pbr,9,CK,34
pbr,10,CK,16
pbr,11,CK,18
pbr,12,CK,18
pbr,1,DK,42
pbr,2,DK,114
pbr,3,DK,40
pbr,4,DK,33
pbr,5,DK,675
pbr,6,DK,109
pbr,7,DK,-90
pbr,8,DK,170
pbr,9,DK,110
pbr,10,DK,81
pbr,11,DK,60
pbr,12,DK,344
pbr,1,EK,-698
pbr,2,EK,89
pbr,3,EK,25
pbr,4,EK,31
pbr,5,EK,819
pbr,6,EK,141
pbr,7,EK,-159
pbr,8,EK,190
pbr,9,EK,121
pbr,10,EK,56
pbr,11,EK,59
pbr,12,EK,185
pbr,1,FK,-397
pbr,2,FK,111
pbr,3,FK,61
pbr,4,FK,86
pbr,5,FK,1235
pbr,6,FK,165
pbr,7,FK,-50
pbr,8,FK,213
pbr,9,FK,157
pbr,10,FK,91
pbr,11,FK,117
pbr,12,FK,261
pbr,1,GK,-55
pbr,2,GK,1
pbr,3,GK,0
pbr,4,GK,2
pbr,5,GK,54
pbr,6,GK,18
pbr,7,GK,5
pbr,8,GK,35
pbr,9,GK,11
pbr,10,GK,7
pbr,11,GK,10
pbr,12,GK,29
pbr,1,GL,-220
pbr,2,GL,4
pbr,3,GL,0
pbr,4,GL,8
pbr,5,GL,216
pbr,6,GL,72
pbr,7,GL,20
pbr,8,GL,140
pbr,9,GL,44
pbr,10,GL,28
pbr,11,GL,40
pbr,12,GL,116
pbr,1,HL,267
pbr,2,HL,152
pbr,3,HL,206
pbr,4,HL,233
pbr,5,HL,284
pbr,6,HL,22
pbr,7,HL,244
pbr,8,HL,205
pbr,9,HL,182
pbr,10,HL,205
pbr,11,HL,95
pbr,12,HL,115
pbr,1,IL,318
pbr,2,IL,156
pbr,3,IL,176
pbr,4,IL,216
pbr,5,IL,304
pbr,6,IL,28
pbr,7,IL,256
pbr,8,IL,98
pbr,9,IL,194
pbr,10,IL,206
pbr,11,IL,56
pbr,12,IL,34
pbr,1,JL,370
pbr,2,JL,114
pbr,3,JL,126
pbr,4,JL,226
pbr,5,JL,302
pbr,6,JL,38
pbr,7,JL,280
pbr,8,JL,84
pbr,9,JL,204
pbr,10,JL,178
pbr,11,JL,62
pbr,12,JL,38
pbr,1,KL,0
pbr,2,KL,0
pbr,3,KL,0
pbr,4,KL,0
pbr,5,KL,0
pbr,6,KL,0
pbr,7,KL,0
pbr,8,KL,0
pbr,9,KL,0
pbr,10,KL,0
pbr,11,KL,0
pbr,12,KL,0
pms,1,AK,-591
pms,2,AK,184
pms,3,AK,266
pms,4,AK,214
pms,5,AK,692
pms,6,AK,78
pms,7,AK,102
pms,8,AK,315
pms,9,AK,213
pms,10,AK,231
pms,11,AK,245
pms,12,AK,537
pms,1,BK,-547
pms,2,BK,104
pms,3,BK,206
pms,4,BK,222
pms,5,BK,994
pms,6,BK,83
pms,7,BK,116
pms,8,BK,299
pms,9,BK,187
pms,10,BK,202
pms,11,BK,220
pms,12,BK,567
pms,1,CK,-266
pms,2,CK,13
pms,3,CK,20
pms,4,CK,20
pms,5,CK,142
pms,6,CK,21
pms,7,CK,10
pms,8,CK,23
pms,9,CK,23
pms,10,CK,23
pms,11,CK,29
pms,12,CK,59
pms,1,DK,-212
pms,2,DK,36
pms,3,DK,36
pms,4,DK,37
pms,5,DK,300
pms,6,DK,46
pms,7,DK,14
pms,8,DK,35
pms,9,DK,42
pms,10,DK,30
pms,11,DK,63
pms,12,DK,109
pms,1,EK,-213
pms,2,EK,49
pms,3,EK,44
pms,4,EK,39
pms,5,EK,475
pms,6,EK,66
pms,7,EK,26
pms,8,EK,41
pms,9,EK,62
pms,10,EK,43
pms,11,EK,68
pms,12,EK,162
pms,1,FK,-178
pms,2,FK,57
pms,3,FK,64
pms,4,FK,62
pms,5,FK,479
pms,6,FK,95
pms,7,FK,46
pms,8,FK,99
pms,9,FK,92
pms,10,FK,75
pms,11,FK,92
pms,12,FK,192
pms,1,GK,-33
pms,2,GK,2
pms,3,GK,12
pms,4,GK,6
pms,5,GK,92
pms,6,GK,27
pms,7,GK,14
pms,8,GK,26
pms,9,GK,19
pms,10,GK,20
pms,11,GK,17
pms,12,GK,28
pms,1,GL,-132
pms,2,GL,8
pms,3,GL,48
pms,4,GL,24
pms,5,GL,368
pms,6,GL,108
pms,7,GL,56
pms,8,GL,104
pms,9,GL,76
pms,10,GL,80
pms,11,GL,68
pms,12,GL,112
pms,1,HL,-60
pms,2,HL,31
pms,3,HL,27
pms,4,HL,37
pms,5,HL,55
pms,6,HL,7
pms,7,HL,23
pms,8,HL,35
pms,9,HL,29
pms,10,HL,35
pms,11,HL,24
pms,12,HL,39
pms,1,IL,-62
pms,2,IL,6
pms,3,IL,14
pms,4,IL,10
pms,5,IL,12
pms,6,IL,6
pms,7,IL,10
pms,8,IL,10
pms,9,IL,6
pms,10,IL,6
pms,11,IL,10
pms,12,IL,10
pms,1,JL,-98
pms,2,JL,8
pms,3,JL,16
pms,4,JL,16
pms,5,JL,16
pms,6,JL,8
pms,7,JL,12
pms,8,JL,12
pms,9,JL,10
pms,10,JL,8
pms,11,JL,22
pms,12,JL,12
pms,1,KL,0
pms,2,KL,0
pms,3,KL,0
pms,4,KL,0
pms,5,KL,0
pms,6,KL,0
pms,7,KL,0
pms,8,KL,0
pms,9,KL,0
pms,10,KL,0
pms,11,KL,0
pms,12,KL,0
ptk,1,AK,-531
ptk,2,AK,-40
ptk,3,AK,-56
ptk,4,AK,50
ptk,5,AK,901
ptk,6,AK,-231
ptk,7,AK,-69
ptk,8,AK,-42
ptk,9,AK,25
ptk,10,AK,174
ptk,11,AK,219
ptk,12,AK,671
ptk,1,BK,-1266
ptk,2,BK,-69
ptk,3,BK,57
ptk,4,BK,178
ptk,5,BK,1560
ptk,6,BK,-98
ptk,7,BK,-310
ptk,8,BK,171
ptk,9,BK,11
ptk,10,BK,109
ptk,11,BK,462
ptk,12,BK,663
ptk,1,CK,-634
ptk,2,CK,3
ptk,3,CK,-1
ptk,4,CK,12
ptk,5,CK,225
ptk,6,CK,46
ptk,7,CK,-29
ptk,8,CK,25
ptk,9,CK,12
ptk,10,CK,42
ptk,11,CK,40
ptk,12,CK,147
ptk,1,DK,-984
ptk,2,DK,10
ptk,3,DK,1
ptk,4,DK,32
ptk,5,DK,334
ptk,6,DK,51
ptk,7,DK,94
ptk,8,DK,69
ptk,9,DK,32
ptk,10,DK,74
ptk,11,DK,69
ptk,12,DK,117
ptk,1,EK,-1340
ptk,2,EK,0
ptk,3,EK,19
ptk,4,EK,8
ptk,5,EK,521
ptk,6,EK,107
ptk,7,EK,76
ptk,8,EK,81
ptk,9,EK,57
ptk,10,EK,104
ptk,11,EK,92
ptk,12,EK,166
ptk,1,FK,-1108
ptk,2,FK,44
ptk,3,FK,58
ptk,4,FK,99
ptk,5,FK,430
ptk,6,FK,116
ptk,7,FK,106
ptk,8,FK,115
ptk,9,FK,95
ptk,10,FK,104
ptk,11,FK,91
ptk,12,FK,162
ptk,1,GK,-126
ptk,2,GK,2
ptk,3,GK,0
ptk,4,GK,-1
ptk,5,GK,89
ptk,6,GK,18
ptk,7,GK,20
ptk,8,GK,24
ptk,9,GK,16
ptk,10,GK,21
ptk,11,GK,16
ptk,12,GK,23
ptk,1,GL,-504
ptk,2,GL,8
ptk,3,GL,0
ptk,4,GL,-4
ptk,5,GL,356
ptk,6,GL,72
ptk,7,GL,80
ptk,8,GL,96
ptk,9,GL,64
ptk,10,GL,84
ptk,11,GL,64
ptk,12,GL,92
ptk,1,HL,-142
ptk,2,HL,107
ptk,3,HL,104
ptk,4,HL,102
ptk,5,HL,163
ptk,6,HL,59
ptk,7,HL,103
ptk,8,HL,140
ptk,9,HL,92
ptk,10,HL,134
ptk,11,HL,136
ptk,12,HL,125
ptk,1,IL,-770
ptk,2,IL,112
ptk,3,IL,138
ptk,4,IL,98
ptk,5,IL,168
ptk,6,IL,70
ptk,7,IL,120
ptk,8,IL,110
ptk,9,IL,122
ptk,10,IL,112
ptk,11,IL,118
ptk,12,IL,106
ptk,1,JL,-194
ptk,2,JL,94
ptk,3,JL,100
ptk,4,JL,86
ptk,5,JL,154
ptk,6,JL,60
ptk,7,JL,84
ptk,8,JL,74
ptk,9,JL,96
ptk,10,JL,90
ptk,11,JL,88
ptk,12,JL,90
ptk,1,KL,0
ptk,2,KL,0
ptk,3,KL,0
ptk,4,KL,0
ptk,5,KL,0
ptk,6,KL,0
ptk,7,KL,0
ptk,8,KL,0
ptk,9,KL,0
ptk,10,KL,0
ptk,11,KL,0
ptk,12,KL,0
pwt,1,AK,-606
pwt,2,AK,-104
pwt,3,AK,-19
pwt,4,AK,30
pwt,5,AK,762
pwt,6,AK,-583
pwt,7,AK,-403
pwt,8,AK,-74
pwt,9,AK,-92
pwt,10,AK,-133
pwt,11,AK,22
pwt,12,AK,307
pwt,1,BK,-1488
pwt,2,BK,-154
pwt,3,BK,7
pwt,4,BK,-14
pwt,5,BK,913
pwt,6,BK,-969
pwt,7,BK,-750
pwt,8,BK,-100
pwt,9,BK,-118
pwt,10,BK,-124
pwt,11,BK,5
pwt,12,BK,258
pwt,1,CK,-169
pwt,2,CK,3
pwt,3,CK,8
pwt,4,CK,29
pwt,5,CK,309
pwt,6,CK,-133
pwt,7,CK,-90
pwt,8,CK,-20
pwt,9,CK,-17
pwt,10,CK,3
pwt,11,CK,-21
pwt,12,CK,18
pwt,1,DK,-167
pwt,2,DK,-18
pwt,3,DK,7
pwt,4,DK,45
pwt,5,DK,586
pwt,6,DK,-270
pwt,7,DK,-5
pwt,8,DK,-65
pwt,9,DK,-54
pwt,10,DK,7
pwt,11,DK,-46
pwt,12,DK,-9
pwt,1,EK,-140
pwt,2,EK,16
pwt,3,EK,24
pwt,4,EK,51
pwt,5,EK,928
pwt,6,EK,-310
pwt,7,EK,17
pwt,8,EK,-104
pwt,9,EK,-81
pwt,10,EK,-18
pwt,11,EK,-85
pwt,12,EK,-23
pwt,1,FK,-66
pwt,2,FK,31
pwt,3,FK,55
pwt,4,FK,80
pwt,5,FK,707
pwt,6,FK,-330
pwt,7,FK,-52
pwt,8,FK,74
pwt,9,FK,-42
pwt,10,FK,-169
pwt,11,FK,-106
pwt,12,FK,-16
pwt,1,GK,-62
pwt,2,GK,15
pwt,3,GK,27
pwt,4,GK,20
pwt,5,GK,57
pwt,6,GK,-13
pwt,7,GK,13
pwt,8,GK,30
pwt,9,GK,19
pwt,10,GK,24
pwt,11,GK,31
pwt,12,GK,19
pwt,1,GL,-248
pwt,2,GL,60
pwt,3,GL,108
pwt,4,GL,80
pwt,5,GL,228
pwt,6,GL,-52
pwt,7,GL,52
pwt,8,GL,120
pwt,9,GL,76
pwt,10,GL,96
pwt,11,GL,124
pwt,12,GL,76
pwt,1,HL,-11
pwt,2,HL,-31
pwt,3,HL,-21
pwt,4,HL,18
pwt,5,HL,63
pwt,6,HL,-139
pwt,7,HL,-10
pwt,8,HL,-18
pwt,9,HL,-27
pwt,10,HL,-88
pwt,11,HL,-94
pwt,12,HL,-61
pwt,1,IL,-44
pwt,2,IL,4
pwt,3,IL,-6
pwt,4,IL,12
pwt,5,IL,8
pwt,6,IL,-36
pwt,7,IL,4
pwt,8,IL,0
pwt,9,IL,8
pwt,10,IL,-2
pwt,11,IL,-2
pwt,12,IL,-8
pwt,1,JL,-60
pwt,2,JL,-12
pwt,3,JL,-8
pwt,4,JL,4
pwt,5,JL,4
pwt,6,JL,-34
pwt,7,JL,-14
pwt,8,JL,-22
pwt,9,JL,-14
pwt,10,JL,-16
pwt,11,JL,-12
pwt,12,JL,-10
pwt,1,KL,0
pwt,2,KL,0
pwt,3,KL,0
pwt,4,KL,0
pwt,5,KL,0
pwt,6,KL,0
pwt,7,KL,0
pwt,8,KL,0
pwt,9,KL,0
pwt,10,KL,0
pwt,11,KL,0
pwt,12,KL,0
smr,1,AK,-397
smr,2,AK,-59
smr,3,AK,102
smr,4,AK,108
smr,5,AK,771
smr,6,AK,-317
smr,7,AK,136
smr,8,AK,101
smr,9,AK,122
smr,10,AK,109
smr,11,AK,222
smr,12,AK,414
smr,1,BK,-1048
smr,2,BK,25
smr,3,BK,165
smr,4,BK,268
smr,5,BK,1050
smr,6,BK,-317
smr,7,BK,156
smr,8,BK,145
smr,9,BK,172
smr,10,BK,74
smr,11,BK,143
smr,12,BK,478
smr,1,CK,-158
smr,2,CK,19
smr,3,CK,25
smr,4,CK,14
smr,5,CK,144
smr,6,CK,-7
smr,7,CK,16
smr,8,CK,11
smr,9,CK,11
smr,10,CK,10
smr,11,CK,16
smr,12,CK,15
smr,1,DK,-178
smr,2,DK,25
smr,3,DK,14
smr,4,DK,28
smr,5,DK,318
smr,6,DK,4
smr,7,DK,39
smr,8,DK,18
smr,9,DK,24
smr,10,DK,26
smr,11,DK,26
smr,12,DK,28
smr,1,EK,-301
smr,2,EK,50
smr,3,EK,37
smr,4,EK,14
smr,5,EK,594
smr,6,EK,-28
smr,7,EK,29
smr,8,EK,42
smr,9,EK,20
smr,10,EK,21
smr,11,EK,15
smr,12,EK,57
smr,1,FK,-393
smr,2,FK,110
smr,3,FK,86
smr,4,FK,70
smr,5,FK,817
smr,6,FK,21
smr,7,FK,37
smr,8,FK,92
smr,9,FK,42
smr,10,FK,52
smr,11,FK,24
smr,12,FK,108
smr,1,GK,7
smr,2,GK,10
smr,3,GK,10
smr,4,GK,10
smr,5,GK,20
smr,6,GK,6
smr,7,GK,10
smr,8,GK,11
smr,9,GK,11
smr,10,GK,11
smr,11,GK,11
smr,12,GK,20
smr,1,GL,28
smr,2,GL,40
smr,3,GL,40
smr,4,GL,40
smr,5,GL,80
smr,6,GL,24
smr,7,GL,40
smr,8,GL,44
smr,9,GL,44
smr,10,GL,44
smr,11,GL,44
smr,12,GL,80
smr,1,HL,265
smr,2,HL,186
smr,3,HL,185
smr,4,HL,186
smr,5,HL,219
smr,6,HL,186
smr,7,HL,186
smr,8,HL,186
smr,9,HL,186
smr,10,HL,186
smr,11,HL,187
smr,12,HL,186
smr,1,IL,238
smr,2,IL,166
smr,3,IL,166
smr,4,IL,168
smr,5,IL,188
smr,6,IL,166
smr,7,IL,168
smr,8,IL,166
smr,9,IL,168
smr,10,IL,168
smr,11,IL,166
smr,12,IL,166
smr,1,JL,112
smr,2,JL,90
smr,3,JL,142
smr,4,JL,128
smr,5,JL,130
smr,6,JL,50
smr,7,JL,132
smr,8,JL,110
smr,9,JL,72
smr,10,JL,158
smr,11,JL,74
smr,12,JL,86
smr,1,KL,0
smr,2,KL,0
smr,3,KL,0
smr,4,KL,0
smr,5,KL,0
smr,6,KL,0
smr,7,KL,0
smr,8,KL,0
smr,9,KL,0
smr,10,KL,0
smr,11,KL,0
smr,12,KL,0
smg,1,AK,-1572
smg,2,AK,-212
smg,3,AK,134
smg,4,AK,635
smg,5,AK,3101
smg,6,AK,-1416
smg,7,AK,-671
smg,8,AK,-91
smg,9,AK,273
smg,10,AK,-73
smg,11,AK,-40
smg,12,AK,856
smg,1,BK,-1973
smg,2,BK,-70
smg,3,BK,155
smg,4,BK,1204
smg,5,BK,2751
smg,6,BK,-1937
smg,7,BK,-871
smg,8,BK,-191
smg,9,BK,393
smg,10,BK,-273
smg,11,BK,-108
smg,12,BK,743
smg,1,CK,-2270
smg,2,CK,63
smg,3,CK,69
smg,4,CK,421
smg,5,CK,616
smg,6,CK,-152
smg,7,CK,164
smg,8,CK,100
smg,9,CK,62
smg,10,CK,127
smg,11,CK,57
smg,12,CK,146
smg,1,DK,-2141
smg,2,DK,83
smg,3,DK,129
smg,4,DK,594
smg,5,DK,1008
smg,6,DK,-277
smg,7,DK,467
smg,8,DK,113
smg,9,DK,51
smg,10,DK,198
smg,11,DK,92
smg,12,DK,202
smg,1,EK,-3387
smg,2,EK,50
smg,3,EK,192
smg,4,EK,1192
smg,5,EK,1508
smg,6,EK,-435
smg,7,EK,301
smg,8,EK,3
smg,9,EK,293
smg,10,EK,130
smg,11,EK,58
smg,12,EK,241
smg,1,FK,-3042
smg,2,FK,31
smg,3,FK,244
smg,4,FK,1300
smg,5,FK,1554
smg,6,FK,-344
smg,7,FK,752
smg,8,FK,478
smg,9,FK,159
smg,10,FK,530
smg,11,FK,139
smg,12,FK,176
smg,1,GK,-525
smg,2,GK,79
smg,3,GK,111
smg,4,GK,164
smg,5,GK,226
smg,6,GK,-59
smg,7,GK,97
smg,8,GK,3
smg,9,GK,12
smg,10,GK,40
smg,11,GK,40
smg,12,GK,45
smg,1,GL,-2100
smg,2,GL,316
smg,3,GL,444
smg,4,GL,656
smg,5,GL,904
smg,6,GL,-236
smg,7,GL,388
smg,8,GL,12
smg,9,GL,48
smg,10,GL,160
smg,11,GL,160
smg,12,GL,180
smg,1,HL,-251
smg,2,HL,229
smg,3,HL,272
smg,4,HL,399
smg,5,HL,487
smg,6,HL,94
smg,7,HL,113
smg,8,HL,37
smg,9,HL,105
smg,10,HL,163
smg,11,HL,258
smg,12,HL,395
smg,1,IL,-1028
smg,2,IL,184
smg,3,IL,252
smg,4,IL,338
smg,5,IL,376
smg,6,IL,38
smg,7,IL,66
smg,8,IL,32
smg,9,IL,74
smg,10,IL,120
smg,11,IL,108
smg,12,IL,148
smg,1,JL,-504
smg,2,JL,270
smg,3,JL,396
smg,4,JL,490
smg,5,JL,166
smg,6,JL,30
smg,7,JL,42
smg,8,JL,30
smg,9,JL,86
smg,10,JL,118
smg,11,JL,128
smg,12,JL,220
smg,1,KL,0
smg,2,KL,0
smg,3,KL,0
smg,4,KL,0
smg,5,KL,0
smg,6,KL,0
smg,7,KL,0
smg,8,KL,0
smg,9,KL,0
smg,10,KL,0
smg,11,KL,0
smg,12,KL,0
srg,1,AK,-436
srg,2,AK,75
srg,3,AK,153
srg,4,AK,72
srg,5,AK,346
srg,6,AK,-343
srg,7,AK,-37
srg,8,AK,-31
srg,9,AK,-25
srg,10,AK,-46
srg,11,AK,27
srg,12,AK,360
srg,1,BK,-676
srg,2,BK,45
srg,3,BK,109
srg,4,BK,17
srg,5,BK,634
srg,6,BK,-576
srg,7,BK,85
srg,8,BK,-81
srg,9,BK,-20
srg,10,BK,-57
srg,11,BK,-11
srg,12,BK,424
srg,1,CK,-253
srg,2,CK,30
srg,3,CK,21
srg,4,CK,25
srg,5,CK,219
srg,6,CK,-21
srg,7,CK,52
srg,8,CK,-27
srg,9,CK,5
srg,10,CK,16
srg,11,CK,18
srg,12,CK,42
srg,1,DK,-232
srg,2,DK,40
srg,3,DK,45
srg,4,DK,44
srg,5,DK,902
srg,6,DK,-20
srg,7,DK,36
srg,8,DK,-69
srg,9,DK,-28
srg,10,DK,-9
srg,11,DK,11
srg,12,DK,62
srg,1,EK,-852
srg,2,EK,46
srg,3,EK,36
srg,4,EK,66
srg,5,EK,894
srg,6,EK,-12
srg,7,EK,88
srg,8,EK,-59
srg,9,EK,-24
srg,10,EK,30
srg,11,EK,9
srg,12,EK,103
srg,1,FK,-1267
srg,2,FK,67
srg,3,FK,69
srg,4,FK,74
srg,5,FK,918
srg,6,FK,-10
srg,7,FK,194
srg,8,FK,-66
srg,9,FK,-61
srg,10,FK,9
srg,11,FK,51
srg,12,FK,189
srg,1,GK,-142
srg,2,GK,3
srg,3,GK,4
srg,4,GK,7
srg,5,GK,40
srg,6,GK,-6
srg,7,GK,21
srg,8,GK,6
srg,9,GK,7
srg,10,GK,5
srg,11,GK,7
srg,12,GK,18
srg,1,GL,-568
srg,2,GL,12
srg,3,GL,16
srg,4,GL,28
srg,5,GL,160
srg,6,GL,-24
srg,7,GL,84
srg,8,GL,24
srg,9,GL,28
srg,10,GL,20
srg,11,GL,28
srg,12,GL,72
srg,1,HL,-129
srg,2,HL,4
srg,3,HL,19
srg,4,HL,47
srg,5,HL,102
srg,6,HL,17
srg,7,HL,21
srg,8,HL,30
srg,9,HL,37
srg,10,HL,36
srg,11,HL,58
srg,12,HL,57
srg,1,IL,-352
srg,2,IL,2
srg,3,IL,16
srg,4,IL,70
srg,5,IL,42
srg,6,IL,-2
srg,7,IL,0
srg,8,IL,0
srg,9,IL,6
srg,10,IL,4
srg,11,IL,4
srg,12,IL,10
srg,1,JL,-150
srg,2,JL,2
srg,3,JL,6
srg,4,JL,22
srg,5,JL,40
srg,6,JL,-2
srg,7,JL,2
srg,8,JL,0
srg,9,JL,8
srg,10,JL,6
srg,11,JL,10
srg,12,JL,4
srg,1,KL,0
srg,2,KL,0
srg,3,KL,0
srg,4,KL,0
srg,5,KL,0
srg,6,KL,0
srg,7,KL,0
srg,8,KL,0
srg,9,KL,0
srg,10,KL,0
srg,11,KL,0
srg,12,KL,0
sbg,1,AK,-654
sbg,2,AK,-39
sbg,3,AK,51
sbg,4,AK,133
sbg,5,AK,303
sbg,6,AK,-21
sbg,7,AK,59
sbg,8,AK,67
sbg,9,AK,166
sbg,10,AK,182
sbg,11,AK,235
sbg,12,AK,337
sbg,1,BK,-593
sbg,2,BK,-15
sbg,3,BK,60
sbg,4,BK,251
sbg,5,BK,558
sbg,6,BK,16
sbg,7,BK,133
sbg,8,BK,117
sbg,9,BK,192
sbg,10,BK,330
sbg,11,BK,372
sbg,12,BK,480
sbg,1,CK,-167
sbg,2,CK,8
sbg,3,CK,0
sbg,4,CK,18
sbg,5,CK,53
sbg,6,CK,8
sbg,7,CK,19
sbg,8,CK,18
sbg,9,CK,20
sbg,10,CK,30
sbg,11,CK,30
sbg,12,CK,26
sbg,1,DK,-12
sbg,2,DK,9
sbg,3,DK,23
sbg,4,DK,47
sbg,5,DK,116
sbg,6,DK,6
sbg,7,DK,88
sbg,8,DK,46
sbg,9,DK,64
sbg,10,DK,75
sbg,11,DK,95
sbg,12,DK,103
sbg,1,EK,0
sbg,2,EK,21
sbg,3,EK,28
sbg,4,EK,74
sbg,5,EK,424
sbg,6,EK,24
sbg,7,EK,107
sbg,8,EK,52
sbg,9,EK,89
sbg,10,EK,112
sbg,11,EK,113
sbg,12,EK,258
sbg,1,FK,85
sbg,2,FK,30
sbg,3,FK,46
sbg,4,FK,83
sbg,5,FK,348
sbg,6,FK,3
sbg,7,FK,142
sbg,8,FK,55
sbg,9,FK,81
sbg,10,FK,125
sbg,11,FK,102
sbg,12,FK,245
sbg,1,GK,-42
sbg,2,GK,-8
sbg,3,GK,1
sbg,4,GK,0
sbg,5,GK,54
sbg,6,GK,-6
sbg,7,GK,34
sbg,8,GK,30
sbg,9,GK,6
sbg,10,GK,-8
sbg,11,GK,-13
sbg,12,GK,22
sbg,1,GL,-168
sbg,2,GL,-32
sbg,3,GL,4
sbg,4,GL,0
sbg,5,GL,216
sbg,6,GL,-24
sbg,7,GL,136
sbg,8,GL,120
sbg,9,GL,24
sbg,10,GL,-32
sbg,11,GL,-52
sbg,12,GL,88
sbg,1,HL,28
sbg,2,HL,21
sbg,3,HL,21
sbg,4,HL,13
sbg,5,HL,26
sbg,6,HL,17
sbg,7,HL,24
sbg,8,HL,19
sbg,9,HL,21
sbg,10,HL,12
sbg,11,HL,31
sbg,12,HL,23
sbg,1,IL,-106
sbg,2,IL,6
sbg,3,IL,10
sbg,4,IL,6
sbg,5,IL,8
sbg,6,IL,4
sbg,7,IL,6
sbg,8,IL,4
sbg,9,IL,4
sbg,10,IL,8
sbg,11,IL,4
sbg,12,IL,6
sbg,1,JL,-24
sbg,2,JL,10
sbg,3,JL,14
sbg,4,JL,8
sbg,5,JL,10
sbg,6,JL,0
sbg,7,JL,6
sbg,8,JL,6
sbg,9,JL,6
sbg,10,JL,0
sbg,11,JL,4
sbg,12,JL,8
sbg,1,KL,0
sbg,2,KL,0
sbg,3,KL,0
sbg,4,KL,0
sbg,5,KL,0
sbg,6,KL,0
sbg,7,KL,0
sbg,8,KL,0
sbg,9,KL,0
sbg,10,KL,0
sbg,11,KL,0
sbg,12,KL,0
slo,1,AK,-1212
slo,2,AK,25
slo,3,AK,89
slo,4,AK,94
slo,5,AK,1041
slo,6,AK,-868
slo,7,AK,-536
slo,8,AK,101
slo,9,AK,-199
slo,10,AK,-227
slo,11,AK,-95
slo,12,AK,180
slo,1,BK,-1837
slo,2,BK,-56
slo,3,BK,348
slo,4,BK,476
slo,5,BK,1487
slo,6,BK,-890
slo,7,BK,-845
slo,8,BK,-93
slo,9,BK,-247
slo,10,BK,-205
slo,11,BK,10
slo,12,BK,424
slo,1,CK,-438
slo,2,CK,10
slo,3,CK,16
slo,4,CK,34
slo,5,CK,691
slo,6,CK,67
slo,7,CK,-266
slo,8,CK,-63
slo,9,CK,-37
slo,10,CK,-14
slo,11,CK,-8
slo,12,CK,35
slo,1,DK,-876
slo,2,DK,22
slo,3,DK,73
slo,4,DK,107
slo,5,DK,1423
slo,6,DK,97
slo,7,DK,-531
slo,8,DK,-214
slo,9,DK,-7
slo,10,DK,4
slo,11,DK,36
slo,12,DK,65
slo,1,EK,-1193
slo,2,EK,20
slo,3,EK,21
slo,4,EK,72
slo,5,EK,1868
slo,6,EK,5
slo,7,EK,5
slo,8,EK,7
slo,9,EK,8
slo,10,EK,9
slo,11,EK,9
slo,12,EK,33
slo,1,FK,-385
slo,2,FK,28
slo,3,FK,29
slo,4,FK,118
slo,5,FK,1625
slo,6,FK,8
slo,7,FK,5
slo,8,FK,7
slo,9,FK,8
slo,10,FK,8
slo,11,FK,9
slo,12,FK,23
slo,1,GK,-63
slo,2,GK,13
slo,3,GK,17
slo,4,GK,7
slo,5,GK,151
slo,6,GK,5
slo,7,GK,6
slo,8,GK,2
slo,9,GK,1
slo,10,GK,2
slo,11,GK,0
slo,12,GK,7
slo,1,GL,-252
slo,2,GL,52
slo,3,GL,68
slo,4,GL,28
slo,5,GL,604
slo,6,GL,20
slo,7,GL,24
slo,8,GL,8
slo,9,GL,4
slo,10,GL,8
slo,11,GL,0
slo,12,GL,28
slo,1,HL,91
slo,2,HL,45
slo,3,HL,84
slo,4,HL,253
slo,5,HL,101
slo,6,HL,3
slo,7,HL,72
slo,8,HL,40
slo,9,HL,39
slo,10,HL,53
slo,11,HL,21
slo,12,HL,145
slo,1,IL,-54
slo,2,IL,22
slo,3,IL,210
slo,4,IL,222
slo,5,IL,78
slo,6,IL,2
slo,7,IL,70
slo,8,IL,32
slo,9,IL,42
slo,10,IL,26
slo,11,IL,24
slo,12,IL,136
slo,1,JL,-24
slo,2,JL,-10
slo,3,JL,180
slo,4,JL,162
slo,5,JL,96
slo,6,JL,4
slo,7,JL,42
slo,8,JL,12
slo,9,JL,48
slo,10,JL,28
slo,11,JL,10
slo,12,JL,146
slo,1,KL,0
slo,2,KL,0
slo,3,KL,0
slo,4,KL,0
slo,5,KL,0
slo,6,KL,0
slo,7,KL,0
slo,8,KL,0
slo,9,KL,0
slo,10,KL,0
slo,11,KL,0
slo,12,KL,0
sby,1,AK,-2243
sby,2,AK,-103
sby,3,AK,831
sby,4,AK,1010
sby,5,AK,3718
sby,6,AK,-2490
sby,7,AK,-255
sby,8,AK,855
sby,9,AK,-73
sby,10,AK,420
sby,11,AK,812
sby,12,AK,1451
sby,1,BK,-2110
sby,2,BK,-754
sby,3,BK,817
sby,4,BK,1515
sby,5,BK,6644
sby,6,BK,-3124
sby,7,BK,-2296
sby,8,BK,-259
sby,9,BK,329
sby,10,BK,-73
sby,11,BK,606
sby,12,BK,1636
sby,1,CK,-2560
sby,2,CK,119
sby,3,CK,93
sby,4,CK,103
sby,5,CK,1698
sby,6,CK,-249
sby,7,CK,54
sby,8,CK,175
sby,9,CK,7
sby,10,CK,40
sby,11,CK,29
sby,12,CK,175
sby,1,DK,-1138
sby,2,DK,256
sby,3,DK,208
sby,4,DK,232
sby,5,DK,3542
sby,6,DK,-301
sby,7,DK,6
sby,8,DK,71
sby,9,DK,-50
sby,10,DK,4
sby,11,DK,-14
sby,12,DK,233
sby,1,EK,-2549
sby,2,EK,396
sby,3,EK,341
sby,4,EK,360
sby,5,EK,4544
sby,6,EK,-636
sby,7,EK,-553
sby,8,EK,228
sby,9,EK,216
sby,10,EK,138
sby,11,EK,294
sby,12,EK,381
sby,1,FK,-1386
sby,2,FK,842
sby,3,FK,919
sby,4,FK,674
sby,5,FK,6476
sby,6,FK,-2347
sby,7,FK,-416
sby,8,FK,528
sby,9,FK,20
sby,10,FK,435
sby,11,FK,596
sby,12,FK,602
sby,1,GK,-332
sby,2,GK,54
sby,3,GK,107
sby,4,GK,80
sby,5,GK,297
sby,6,GK,35
sby,7,GK,63
sby,8,GK,91
sby,9,GK,36
sby,10,GK,29
sby,11,GK,32
sby,12,GK,20
sby,1,GL,-1328
sby,2,GL,216
sby,3,GL,428
sby,4,GL,320
sby,5,GL,1188
sby,6,GL,140
sby,7,GL,252
sby,8,GL,364
sby,9,GL,144
sby,10,GL,116
sby,11,GL,128
sby,12,GL,80
sby,1,HL,575
sby,2,HL,360
sby,3,HL,641
sby,4,HL,350
sby,5,HL,809
sby,6,HL,207
sby,7,HL,530
sby,8,HL,403
sby,9,HL,251
sby,10,HL,518
sby,11,HL,573
sby,12,HL,768
sby,1,IL,324
sby,2,IL,326
sby,3,IL,568
sby,4,IL,52
sby,5,IL,54
sby,6,IL,64
sby,7,IL,656
sby,8,IL,470
sby,9,IL,166
sby,10,IL,608
sby,11,IL,618
sby,12,IL,610
sby,1,JL,204
sby,2,JL,582
sby,3,JL,782
sby,4,JL,32
sby,5,JL,90
sby,6,JL,-6
sby,7,JL,270
sby,8,JL,332
sby,9,JL,154
sby,10,JL,228
sby,11,JL,350
sby,12,JL,492
sby,1,KL,0
sby,2,KL,0
sby,3,KL,0
sby,4,KL,0
sby,5,KL,0
sby,6,KL,0
sby,7,KL,0
sby,8,KL,0
sby,9,KL,0
sby,10,KL,0
sby,11,KL,0
sby,12,KL,0
tar,1,AK,-74
tar,2,AK,1
tar,3,AK,42
tar,4,AK,116
tar,5,AK,284
tar,6,AK,-29
tar,7,AK,-8
tar,8,AK,16
tar,9,AK,37
tar,10,AK,54
tar,11,AK,62
tar,12,AK,149
tar,1,BK,-190
tar,2,BK,-10
tar,3,BK,56
tar,4,BK,148
tar,5,BK,370
tar,6,BK,-36
tar,7,BK,-30
tar,8,BK,17
tar,9,BK,27
tar,10,BK,45
tar,11,BK,71
tar,12,BK,190
tar,1,CK,-138
tar,2,CK,7
tar,3,CK,6
tar,4,CK,6
tar,5,CK,82
tar,6,CK,3
tar,7,CK,3
tar,8,CK,-1
tar,9,CK,5
tar,10,CK,4
tar,11,CK,6
tar,12,CK,4
tar,1,DK,-259
tar,2,DK,12
tar,3,DK,6
tar,4,DK,10
tar,5,DK,139
tar,6,DK,2
tar,7,DK,5
tar,8,DK,1
tar,9,DK,4
tar,10,DK,7
tar,11,DK,-1
tar,12,DK,6
tar,1,EK,-258
tar,2,EK,11
tar,3,EK,6
tar,4,EK,9
tar,5,EK,235
tar,6,EK,6
tar,7,EK,11
tar,8,EK,-8
tar,9,EK,4
tar,10,EK,3
tar,11,EK,3
tar,12,EK,4
tar,1,FK,-199
tar,2,FK,19
tar,3,FK,19
tar,4,FK,22
tar,5,FK,355
tar,6,FK,12
tar,7,FK,18
tar,8,FK,-2
tar,9,FK,8
tar,10,FK,14
tar,11,FK,5
tar,12,FK,12
tar,1,GK,-16
tar,2,GK,0
tar,3,GK,0
tar,4,GK,0
tar,5,GK,67
tar,6,GK,3
tar,7,GK,0
tar,8,GK,0
tar,9,GK,0
tar,10,GK,0
tar,11,GK,0
tar,12,GK,0
tar,1,GL,-64
tar,2,GL,0
tar,3,GL,0
tar,4,GL,0
tar,5,GL,268
tar,6,GL,12
tar,7,GL,0
tar,8,GL,0
tar,9,GL,0
tar,10,GL,0
tar,11,GL,0
tar,12,GL,0
tar,1,HL,29
tar,2,HL,41
tar,3,HL,37
tar,4,HL,41
tar,5,HL,51
tar,6,HL,9
tar,7,HL,26
tar,8,HL,38
tar,9,HL,32
tar,10,HL,32
tar,11,HL,38
tar,12,HL,21
tar,1,IL,-32
tar,2,IL,20
tar,3,IL,34
tar,4,IL,38
tar,5,IL,26
tar,6,IL,6
tar,7,IL,24
tar,8,IL,24
tar,9,IL,28
tar,10,IL,38
tar,11,IL,18
tar,12,IL,22
tar,1,JL,4
tar,2,JL,20
tar,3,JL,34
tar,4,JL,32
tar,5,JL,34
tar,6,JL,4
tar,7,JL,20
tar,8,JL,24
tar,9,JL,10
tar,10,JL,38
tar,11,JL,22
tar,12,JL,22
tar,1,KL,0
tar,2,KL,0
tar,3,KL,0
tar,4,KL,0
tar,5,KL,0
tar,6,KL,0
tar,7,KL,0
tar,8,KL,0
tar,9,KL,0
tar,10,KL,0
tar,11,KL,0
tar,12,KL,0
tsm,1,AK,-518
tsm,2,AK,176
tsm,3,AK,162
tsm,4,AK,218
tsm,5,AK,148
tsm,6,AK,-198
tsm,7,AK,-125
tsm,8,AK,-4
tsm,9,AK,112
tsm,10,AK,104
tsm,11,AK,108
tsm,12,AK,28
tsm,1,BK,-662
tsm,2,BK,29
tsm,3,BK,43
tsm,4,BK,160
tsm,5,BK,789
tsm,6,BK,-68
tsm,7,BK,-290
tsm,8,BK,-298
tsm,9,BK,250
tsm,10,BK,-35
tsm,11,BK,-29
tsm,12,BK,102
tsm,1,CK,-114
tsm,2,CK,27
tsm,3,CK,30
tsm,4,CK,26
tsm,5,CK,239
tsm,6,CK,203
tsm,7,CK,-103
tsm,8,CK,-19
tsm,9,CK,-22
tsm,10,CK,-30
tsm,11,CK,-20
tsm,12,CK,62
tsm,1,DK,-212
tsm,2,DK,48
tsm,3,DK,65
tsm,4,DK,95
tsm,5,DK,416
tsm,6,DK,-32
tsm,7,DK,-55
tsm,8,DK,-92
tsm,9,DK,40
tsm,10,DK,10
tsm,11,DK,31
tsm,12,DK,42
tsm,1,EK,-227
tsm,2,EK,10
tsm,3,EK,101
tsm,4,EK,262
tsm,5,EK,369
tsm,6,EK,270
tsm,7,EK,-37
tsm,8,EK,-109
tsm,9,EK,-151
tsm,10,EK,-22
tsm,11,EK,-20
tsm,12,EK,-78
tsm,1,FK,-233
tsm,2,FK,83
tsm,3,FK,27
tsm,4,FK,20
tsm,5,FK,311
tsm,6,FK,459
tsm,7,FK,129
tsm,8,FK,-70
tsm,9,FK,105
tsm,10,FK,-54
tsm,11,FK,-5
tsm,12,FK,39
tsm,1,GK,-72
tsm,2,GK,-13
tsm,3,GK,-20
tsm,4,GK,5
tsm,5,GK,91
tsm,6,GK,50
tsm,7,GK,55
tsm,8,GK,31
tsm,9,GK,-15
tsm,10,GK,-14
tsm,11,GK,11
tsm,12,GK,15
tsm,1,GL,-288
tsm,2,GL,-52
tsm,3,GL,-80
tsm,4,GL,20
tsm,5,GL,364
tsm,6,GL,200
tsm,7,GL,220
tsm,8,GL,124
tsm,9,GL,-60
tsm,10,GL,-56
tsm,11,GL,44
tsm,12,GL,60
tsm,1,HL,-404
tsm,2,HL,-163
tsm,3,HL,-143
tsm,4,HL,-222
tsm,5,HL,-179
tsm,6,HL,-41
tsm,7,HL,-106
tsm,8,HL,-328
tsm,9,HL,-215
tsm,10,HL,-165
tsm,11,HL,-228
tsm,12,HL,-208
tsm,1,IL,-186
tsm,2,IL,-4
tsm,3,IL,-6
tsm,4,IL,62
tsm,5,IL,32
tsm,6,IL,-8
tsm,7,IL,-8
tsm,8,IL,-4
tsm,9,IL,-4
tsm,10,IL,26
tsm,11,IL,58
tsm,12,IL,12
tsm,1,JL,-2
tsm,2,JL,42
tsm,3,JL,-2
tsm,4,JL,148
tsm,5,JL,80
tsm,6,JL,4
tsm,7,JL,2
tsm,8,JL,-8
tsm,9,JL,-6
tsm,10,JL,14
tsm,11,JL,18
tsm,12,JL,22
tsm,1,KL,0
tsm,2,KL,0
tsm,3,KL,0
tsm,4,KL,0
tsm,5,KL,0
tsm,6,KL,0
tsm,7,KL,0
tsm,8,KL,0
tsm,9,KL,0
tsm,10,KL,0
tsm,11,KL,0
tsm,12,KL,0
tgl,1,AK,-314
tgl,2,AK,306
tgl,3,AK,320
tgl,4,AK,580
tgl,5,AK,1263
tgl,6,AK,-214
tgl,7,AK,116
tgl,8,AK,352
tgl,9,AK,303
tgl,10,AK,233
tgl,11,AK,198
tgl,12,AK,567
tgl,1,BK,-954
tgl,2,BK,145
tgl,3,BK,200
tgl,4,BK,256
tgl,5,BK,1308
tgl,6,BK,-170
tgl,7,BK,83
tgl,8,BK,274
tgl,9,BK,134
tgl,10,BK,229
tgl,11,BK,200
tgl,12,BK,438
tgl,1,CK,-90
tgl,2,CK,25
tgl,3,CK,26
tgl,4,CK,26
tgl,5,CK,268
tgl,6,CK,-31
tgl,7,CK,-2
tgl,8,CK,20
tgl,9,CK,28
tgl,10,CK,53
tgl,11,CK,5
tgl,12,CK,34
tgl,1,DK,-208
tgl,2,DK,48
tgl,3,DK,62
tgl,4,DK,49
tgl,5,DK,696
tgl,6,DK,-21
tgl,7,DK,11
tgl,8,DK,19
tgl,9,DK,25
tgl,10,DK,120
tgl,11,DK,14
tgl,12,DK,41
tgl,1,EK,-433
tgl,2,EK,36
tgl,3,EK,68
tgl,4,EK,53
tgl,5,EK,942
tgl,6,EK,-40
tgl,7,EK,15
tgl,8,EK,9
tgl,9,EK,26
tgl,10,EK,106
tgl,11,EK,-25
tgl,12,EK,28
tgl,1,FK,-60
tgl,2,FK,30
tgl,3,FK,74
tgl,4,FK,39
tgl,5,FK,626
tgl,6,FK,14
tgl,7,FK,40
tgl,8,FK,97
tgl,9,FK,88
tgl,10,FK,130
tgl,11,FK,-2
tgl,12,FK,43
tgl,1,GK,-99
tgl,2,GK,-1
tgl,3,GK,23
tgl,4,GK,31
tgl,5,GK,159
tgl,6,GK,9
tgl,7,GK,25
tgl,8,GK,34
tgl,9,GK,32
tgl,10,GK,38
tgl,11,GK,21
tgl,12,GK,28
tgl,1,GL,-396
tgl,2,GL,-4
tgl,3,GL,92
tgl,4,GL,124
tgl,5,GL,636
tgl,6,GL,36
tgl,7,GL,100
tgl,8,GL,136
tgl,9,GL,128
tgl,10,GL,152
tgl,11,GL,84
tgl,12,GL,112
tgl,1,HL,-192
tgl,2,HL,-13
tgl,3,HL,33
tgl,4,HL,19
tgl,5,HL,322
tgl,6,HL,-32
tgl,7,HL,1
tgl,8,HL,7
tgl,9,HL,-91
tgl,10,HL,-98
tgl,11,HL,-44
tgl,12,HL,79
tgl,1,IL,-96
tgl,2,IL,-4
tgl,3,IL,42
tgl,4,IL,64
tgl,5,IL,128
tgl,6,IL,6
tgl,7,IL,0
tgl,8,IL,18
tgl,9,IL,18
tgl,10,IL,40
tgl,11,IL,36
tgl,12,IL,22
tgl,1,JL,-76
tgl,2,JL,-2
tgl,3,JL,14
tgl,4,JL,30
tgl,5,JL,184
tgl,6,JL,-2
tgl,7,JL,0
tgl,8,JL,4
tgl,9,JL,14
tgl,10,JL,14
tgl,11,JL,18
tgl,12,JL,16
tgl,1,KL,0
tgl,2,KL,0
tgl,3,KL,0
tgl,4,KL,0
tgl,5,KL,0
tgl,6,KL,0
tgl,7,KL,0
tgl,8,KL,0
tgl,9,KL,0
tgl,10,KL,0
tgl,11,KL,0
tgl,12,KL,0
tte,1,AK,-137
tte,2,AK,18
tte,3,AK,42
tte,4,AK,37
tte,5,AK,135
tte,6,AK,14
tte,7,AK,16
tte,8,AK,4
tte,9,AK,25
tte,10,AK,32
tte,11,AK,54
tte,12,AK,135
tte,1,BK,-224
tte,2,BK,0
tte,3,BK,31
tte,4,BK,63
tte,5,BK,260
tte,6,BK,-16
tte,7,BK,20
tte,8,BK,39
tte,9,BK,73
tte,10,BK,60
tte,11,BK,58
tte,12,BK,189
tte,1,CK,-278
tte,2,CK,3
tte,3,CK,8
tte,4,CK,11
tte,5,CK,62
tte,6,CK,5
tte,7,CK,19
tte,8,CK,7
tte,9,CK,9
tte,10,CK,12
tte,11,CK,11
tte,12,CK,48
tte,1,DK,-349
tte,2,DK,3
tte,3,DK,16
tte,4,DK,17
tte,5,DK,82
tte,6,DK,3
tte,7,DK,23
tte,8,DK,9
tte,9,DK,21
tte,10,DK,24
tte,11,DK,19
tte,12,DK,48
tte,1,EK,-292
tte,2,EK,16
tte,3,EK,34
tte,4,EK,33
tte,5,EK,125
tte,6,EK,31
tte,7,EK,45
tte,8,EK,15
tte,9,EK,37
tte,10,EK,32
tte,11,EK,42
tte,12,EK,74
tte,1,FK,-220
tte,2,FK,10
tte,3,FK,39
tte,4,FK,34
tte,5,FK,134
tte,6,FK,25
tte,7,FK,48
tte,8,FK,44
tte,9,FK,60
tte,10,FK,40
tte,11,FK,41
tte,12,FK,62
tte,1,GK,7
tte,2,GK,9
tte,3,GK,8
tte,4,GK,25
tte,5,GK,44
tte,6,GK,8
tte,7,GK,36
tte,8,GK,11
tte,9,GK,23
tte,10,GK,13
tte,11,GK,10
tte,12,GK,17
tte,1,GL,28
tte,2,GL,36
tte,3,GL,32
tte,4,GL,100
tte,5,GL,176
tte,6,GL,32
tte,7,GL,144
tte,8,GL,44
tte,9,GL,92
tte,10,GL,52
tte,11,GL,40
tte,12,GL,68
tte,1,HL,-95
tte,2,HL,14
tte,3,HL,10
tte,4,HL,25
tte,5,HL,33
tte,6,HL,10
tte,7,HL,13
tte,8,HL,6
tte,9,HL,11
tte,10,HL,37
tte,11,HL,5
tte,12,HL,12
tte,1,IL,-126
tte,2,IL,22
tte,3,IL,18
tte,4,IL,28
tte,5,IL,44
tte,6,IL,56
tte,7,IL,22
tte,8,IL,14
tte,9,IL,14
tte,10,IL,40
tte,11,IL,20
tte,12,IL,20
tte,1,JL,-182
tte,2,JL,18
tte,3,JL,18
tte,4,JL,24
tte,5,JL,38
tte,6,JL,22
tte,7,JL,30
tte,8,JL,10
tte,9,JL,18
tte,10,JL,42
tte,11,JL,8
tte,12,JL,20
tte,1,KL,0
tte,2,KL,0
tte,3,KL,0
tte,4,KL,0
tte,5,KL,0
tte,6,KL,0
tte,7,KL,0
tte,8,KL,0
tte,9,KL,0
tte,10,KL,0
tte,11,KL,0
tte,12,KL,0
yyk,1,AK,-1174
yyk,2,AK,-66
yyk,3,AK,193
yyk,4,AK,263
yyk,5,AK,1505
yyk,6,AK,-800
yyk,7,AK,-199
yyk,8,AK,160
yyk,9,AK,279
yyk,10,AK,2
yyk,11,AK,96
yyk,12,AK,409
yyk,1,BK,-1365
yyk,2,BK,104
yyk,3,BK,362
yyk,4,BK,611
yyk,5,BK,2249
yyk,6,BK,-1148
yyk,7,BK,-388
yyk,8,BK,504
yyk,9,BK,274
yyk,10,BK,99
yyk,11,BK,290
yyk,12,BK,548
yyk,1,CK,-245
yyk,2,CK,41
yyk,3,CK,72
yyk,4,CK,69
yyk,5,CK,586
yyk,6,CK,-135
yyk,7,CK,-45
yyk,8,CK,21
yyk,9,CK,110
yyk,10,CK,46
yyk,11,CK,33
yyk,12,CK,66
yyk,1,DK,-734
yyk,2,DK,51
yyk,3,DK,81
yyk,4,DK,85
yyk,5,DK,1186
yyk,6,DK,-214
yyk,7,DK,-40
yyk,8,DK,52
yyk,9,DK,74
yyk,10,DK,80
yyk,11,DK,80
yyk,12,DK,106
yyk,1,EK,-732
yyk,2,EK,92
yyk,3,EK,60
yyk,4,EK,107
yyk,5,EK,1680
yyk,6,EK,-294
yyk,7,EK,-88
yyk,8,EK,116
yyk,9,EK,41
yyk,10,EK,156
yyk,11,EK,142
yyk,12,EK,122
yyk,1,FK,-580
yyk,2,FK,28
yyk,3,FK,74
yyk,4,FK,124
yyk,5,FK,1264
yyk,6,FK,-150
yyk,7,FK,-54
yyk,8,FK,40
yyk,9,FK,-21
yyk,10,FK,89
yyk,11,FK,-5
yyk,12,FK,119
yyk,1,GK,-161
yyk,2,GK,54
yyk,3,GK,46
yyk,4,GK,41
yyk,5,GK,66
yyk,6,GK,-6
yyk,7,GK,17
yyk,8,GK,9
yyk,9,GK,72
yyk,10,GK,172
yyk,11,GK,165
yyk,12,GK,135
yyk,1,GL,-644
yyk,2,GL,216
yyk,3,GL,184
yyk,4,GL,164
yyk,5,GL,264
yyk,6,GL,-24
yyk,7,GL,68
yyk,8,GL,36
yyk,9,GL,288
yyk,10,GL,688
yyk,11,GL,660
yyk,12,GL,540
yyk,1,HL,135
yyk,2,HL,199
yyk,3,HL,229
yyk,4,HL,225
yyk,5,HL,450
yyk,6,HL,60
yyk,7,HL,250
yyk,8,HL,170
yyk,9,HL,157
yyk,10,HL,245
yyk,11,HL,254
yyk,12,HL,190
yyk,1,IL,96
yyk,2,IL,218
yyk,3,IL,228
yyk,4,IL,310
yyk,5,IL,352
yyk,6,IL,58
yyk,7,IL,174
yyk,8,IL,172
yyk,9,IL,148
yyk,10,IL,202
yyk,11,IL,224
yyk,12,IL,226
yyk,1,JL,82
yyk,2,JL,140
yyk,3,JL,164
yyk,4,JL,226
yyk,5,JL,340
yyk,6,JL,46
yyk,7,JL,158
yyk,8,JL,154
yyk,9,JL,132
yyk,10,JL,192
yyk,11,JL,212
yyk,12,JL,202
yyk,1,KL,0
yyk,2,KL,0
yyk,3,KL,0
yyk,4,KL,0
yyk,5,KL,0
yyk,6,KL,0
yyk,7,KL,0
yyk,8,KL,0
yyk,9,KL,0
yyk,10,KL,0
yyk,11,KL,0
yyk,12,KL,0
