u,v,moda
jkt,mdn,KPNG
jkt,mdn,KPNG
jkt,mdn,KPNG
jkt,mdn,KPNG
jkt,mdn,KPNG
jkt,mdn,KPNG
jkt,mdn,KPNG
jkt,mdn,KPNG
jkt,mdn,KPNG
jkt,mdn,KPNG
jkt,mdn,KPNG
jkt,mdn,KBRG
jkt,mdn,KPNG
jkt,mdn,KPNG
jkt,bdl,TRUK
jkt,bdl,TRUK
jkt,bdl,TRUK
jkt,bdl,TRUK
jkt,bdl,TRUK
jkt,bdl,TRUK
jkt,bdl,TRUK
jkt,bdl,TRUK
jkt,bdl,TRUK
jkt,bdl,TRUK
jkt,bdl,TRUK
jkt,bdl,TRUK
jkt,bdl,TRUK
jkt,bdl,TRUK
jkt,bdl,TRUK
jkt,bdl,TRUK
jkt,bdl,TRUK
jkt,bdl,TRUK
jkt,bdl,TRUK
jkt,bdl,TRUK
jkt,plg,KBRG
jkt,plg,KBRG
jkt,plg,KBRG
jkt,plg,KBRG
jkt,plg,KBRG
jkt,plg,KBRG
jkt,plg,KBRG
jkt,plg,KBRG
jkt,plg,KBRG
jkt,plg,KBRG
jkt,plg,KBRG
jkt,pbr,KBRG
jkt,pbr,KBRG
jkt,pbr,KBRG
jkt,pbr,KBRG
jkt,pbr,KBRG
jkt,pbr,KBRG
jkt,pbr,KBRG
jkt,pbr,KBRG
jkt,pbr,KBRG
jkt,pbr,KBRG
jkt,pbr,KBRG
jkt,pbr,KBRG
jkt,bdg,TRUK
jkt,bdg,TRUK
jkt,bdg,TRUK
jkt,bdg,TRUK
jkt,bdg,TRUK
jkt,bdg,TRUK
jkt,bdg,TRUK
jkt,bdg,TRUK
jkt,bdg,TRUK
jkt,bdg,TRUK
jkt,bdg,TRUK
jkt,bdg,TRUK
jkt,bdg,TRUK
jkt,bdg,TRUK
jkt,bdg,TRUK
jkt,bdg,TRUK
jkt,bdg,TRUK
jkt,bdg,TRUK
jkt,bdg,TRUK
jkt,bdg,TRUK
jkt,bdg,TRUK
jkt,bdg,TRUK
jkt,bdg,TRUK
jkt,bdg,TRUK
jkt,bdg,TRUK
jkt,bdg,TRUK
jkt,bdg,TRUK
jkt,smg,KRTA
jkt,smg,KRTA
jkt,smg,KRTA
jkt,smg,KRTA
jkt,smg,KRTA
jkt,smg,KRTA
jkt,smg,KRTA
jkt,smg,KRTA
jkt,smg,KRTA
jkt,smg,KRTA
jkt,smg,KRTA
jkt,smg,KRTA
jkt,smg,KRTA
jkt,smg,KRTA
jkt,smg,KRTA
jkt,smg,KRTA
jkt,smg,KRTA
jkt,smg,KRTA
jkt,smg,KRTA
jkt,smg,KRTA
jkt,smg,KRTA
jkt,btm,KPNG
jkt,btm,KPNG
jkt,btm,KPNG
jkt,btm,KPNG
jkt,btm,KPNG
jkt,btm,KPNG
jkt,btm,KPNG
jkt,btm,KPNG
jkt,srg,TRUK
jkt,srg,TRUK
jkt,srg,TRUK
jkt,srg,TRUK
jkt,srg,TRUK
jkt,cbn,TRUK
jkt,cbn,TRUK
jkt,cbn,TRUK
jkt,cbn,TRUK
jkt,cbn,TRUK
jkt,cbn,TRUK
jkt,cbn,TRUK
jkt,cbn,TRUK
jkt,ptk,KBRG
jkt,ptk,KBRG
jkt,ptk,KBRG
jkt,ptk,KBRG
jkt,ptk,KBRG
jkt,ptk,KBRG
jkt,bjm,KBRG
jkt,bjm,KBRG
jkt,bjm,KBRG
jkt,bjm,KBRG
jkt,bjm,KBRG
jkt,bjm,KBRG
jkt,bjm,KBRG
jkt,bjm,KBRG
jkt,bjm,KBRG
jkt,bpp,KBRG
jkt,bpp,KBRG
jkt,bpp,KBRG
jkt,bpp,KBRG
jkt,bpp,KBRG
jkt,bpp,KBRG
jkt,sby,KRTA
jkt,sby,KPNG
jkt,sby,KRTA
jkt,sby,KPNG
jkt,sby,KPNG
jkt,sby,KPNG
jkt,sby,KPNG
jkt,sby,KPNG
jkt,sby,KPNG
jkt,sby,KPNG
jkt,sby,KRTA
jkt,sby,KRTA
jkt,sby,KRTA
jkt,sby,KPNG
jkt,sby,KPNG
jkt,sby,KRTA
jkt,sby,KBRG
jkt,sby,KRTA
jkt,sby,KRTA
jkt,sby,KPNG
jkt,sby,KRTA
jkt,sby,KPNG
jkt,sby,KPNG
jkt,sby,KPNG
jkt,sby,KPNG
jkt,mnd,KPNG
jkt,mnd,KPNG
jkt,mnd,KPNG
jkt,mnd,KPNG
jkt,mnd,KPNG
jkt,tte,KBRG
jkt,tte,KBRG
jkt,mks,KPNG
jkt,mks,KPNG
jkt,mks,KPNG
jkt,mks,KPNG
jkt,mks,KPNG
jkt,mks,KPNG
jkt,mks,KPNG
jkt,mks,KPNG
jkt,mks,KPNG
jkt,mks,KPNG
jkt,mks,KPNG
jkt,mks,KPNG
mdn,lsm,TRUK
mdn,lsm,TRUK
mdn,lsm,TRUK
mdn,lsm,TRUK
mdn,lsm,TRUK
mdn,lsm,TRUK
mdn,lsm,TRUK
mdn,lsm,TRUK
mdn,lsm,TRUK
mdn,lsm,TRUK
mdn,lsm,TRUK
mdn,lsm,TRUK
mdn,lsm,TRUK
mdn,lsm,TRUK
mdn,lsm,TRUK
mdn,lsm,TRUK
mdn,lsm,TRUK
mdn,lsm,TRUK
mdn,lsm,TRUK
mdn,lsm,TRUK
mdn,bna,TRUK
mdn,bna,TRUK
mdn,pms,TRUK
mdn,pms,TRUK
mdn,pms,TRUK
mdn,pms,TRUK
mdn,pms,TRUK
mdn,pms,TRUK
mdn,pms,TRUK
mdn,pms,TRUK
mdn,pms,TRUK
mdn,pms,TRUK
mdn,pms,TRUK
mdn,pms,TRUK
mdn,pms,TRUK
mdn,pms,TRUK
mdn,sbg,TRUK
mdn,sbg,TRUK
mdn,sbg,TRUK
mdn,sbg,TRUK
mdn,sbg,TRUK
mdn,sbg,TRUK
mdn,sbg,TRUK
mdn,sbg,TRUK
mdn,sbg,TRUK
mdn,sbg,TRUK
mdn,sbg,TRUK
mdn,sbg,TRUK
mdn,sbg,TRUK
pbr,pad,TRUK
pbr,pad,TRUK
pbr,pad,TRUK
pbr,pad,TRUK
pbr,pad,TRUK
pbr,pad,TRUK
pbr,pad,TRUK
pbr,pad,TRUK
pbr,pad,TRUK
plg,jmb,TRUK
plg,jmb,TRUK
jmb,plg,TRUK
plg,jmb,TRUK
plg,jmb,TRUK
plg,jmb,TRUK
plg,jmb,TRUK
plg,jmb,TRUK
plg,jmb,TRUK
plg,jmb,TRUK
plg,jmb,TRUK
plg,jmb,TRUK
plg,jmb,TRUK
plg,jmb,TRUK
plg,jmb,TRUK
jmb,plg,TRUK
plg,jmb,TRUK
plg,jmb,TRUK
plg,jmb,TRUK
plg,jmb,TRUK
plg,jmb,TRUK
plg,pgp,TRUK
plg,pgp,TRUK
plg,pgp,TRUK
plg,pgp,TRUK
plg,pgp,TRUK
plg,pgp,TRUK
pgp,plg,TRUK
pgp,plg,TRUK
plg,pgp,TRUK
plg,pgp,TRUK
plg,pgp,TRUK
plg,pgp,TRUK
plg,pgp,TRUK
plg,pgp,TRUK
bdl,bgl,TRUK
bdl,bgl,TRUK
bdl,bgl,TRUK
bdl,bgl,TRUK
bdl,bgl,TRUK
bdl,bgl,TRUK
bdl,bgl,TRUK
bdg,tsm,TRUK
bdg,tsm,TRUK
bdg,tsm,TRUK
bdg,tsm,TRUK
bdg,tsm,TRUK
bdg,tsm,TRUK
bdg,tsm,TRUK
bdg,tsm,TRUK
bdg,tsm,TRUK
bdg,tsm,TRUK
bdg,tsm,TRUK
smg,slo,TRUK
smg,slo,TRUK
smg,slo,TRUK
smg,slo,TRUK
smg,slo,TRUK
smg,slo,TRUK
smg,slo,TRUK
smg,slo,TRUK
smg,slo,TRUK
smg,slo,TRUK
smg,slo,TRUK
smg,slo,TRUK
smg,slo,TRUK
smg,slo,TRUK
smg,slo,TRUK
smg,slo,TRUK
smg,slo,TRUK
smg,slo,TRUK
smg,slo,TRUK
smg,slo,TRUK
smg,yyk,TRUK
smg,yyk,TRUK
smg,yyk,TRUK
smg,yyk,TRUK
smg,yyk,TRUK
smg,yyk,TRUK
smg,yyk,TRUK
smg,yyk,TRUK
smg,yyk,TRUK
smg,yyk,TRUK
smg,yyk,TRUK
smg,yyk,TRUK
smg,yyk,TRUK
smg,yyk,TRUK
smg,yyk,TRUK
smg,yyk,TRUK
smg,yyk,TRUK
smg,yyk,TRUK
smg,yyk,TRUK
smg,yyk,TRUK
smg,yyk,TRUK
smg,yyk,TRUK
smg,yyk,TRUK
smg,yyk,TRUK
smg,yyk,TRUK
smg,yyk,TRUK
smg,yyk,TRUK
smg,yyk,TRUK
smg,pwt,TRUK
smg,pwt,TRUK
smg,pwt,TRUK
smg,pwt,TRUK
smg,pwt,TRUK
smg,pwt,TRUK
smg,pwt,TRUK
smg,pwt,TRUK
smg,pwt,TRUK
smg,pwt,TRUK
smg,pwt,TRUK
smg,pwt,TRUK
smg,pwt,TRUK
smg,pwt,TRUK
smg,pwt,TRUK
smg,pwt,TRUK
smg,pwt,TRUK
smg,pwt,TRUK
smg,tgl,TRUK
smg,tgl,TRUK
smg,tgl,TRUK
smg,tgl,TRUK
smg,tgl,TRUK
smg,tgl,TRUK
smg,tgl,TRUK
smg,tgl,TRUK
smg,tgl,TRUK
smg,tgl,TRUK
smg,tgl,TRUK
smg,tgl,TRUK
smg,tgl,TRUK
smg,tgl,TRUK
smg,tgl,TRUK
smg,tgl,TRUK
smg,tgl,TRUK
smg,tgl,TRUK
smg,tgl,TRUK
smg,tgl,TRUK
smg,tgl,TRUK
smg,tgl,TRUK
smg,tgl,TRUK
smg,tgl,TRUK
sby,jmr,TRUK
sby,jmr,TRUK
sby,jmr,TRUK
sby,jmr,TRUK
sby,jmr,TRUK
sby,jmr,TRUK
sby,jmr,TRUK
sby,jmr,TRUK
sby,jmr,TRUK
sby,jmr,TRUK
sby,jmr,TRUK
sby,jmr,TRUK
sby,jmr,TRUK
sby,jmr,TRUK
sby,jmr,TRUK
sby,jmr,TRUK
sby,jmr,TRUK
sby,jmr,TRUK
sby,jmr,TRUK
sby,kdr,TRUK
sby,kdr,TRUK
sby,kdr,TRUK
sby,kdr,TRUK
sby,kdr,TRUK
sby,kdr,TRUK
sby,kdr,TRUK
sby,kdr,TRUK
sby,kdr,TRUK
sby,kdr,TRUK
sby,kdr,TRUK
sby,kdr,TRUK
sby,kdr,TRUK
sby,kdr,TRUK
sby,kdr,TRUK
sby,kdr,TRUK
sby,kdr,TRUK
sby,kdr,TRUK
sby,kdr,TRUK
sby,kdr,TRUK
sby,kdr,TRUK
sby,kdr,TRUK
sby,kdr,TRUK
sby,mlg,TRUK
sby,mlg,TRUK
sby,mlg,TRUK
sby,mlg,TRUK
sby,mlg,TRUK
sby,mlg,TRUK
sby,mlg,TRUK
sby,mlg,TRUK
sby,mlg,TRUK
sby,mlg,TRUK
sby,mlg,TRUK
sby,mlg,TRUK
sby,mlg,TRUK
sby,mlg,TRUK
sby,mlg,TRUK
sby,mlg,TRUK
sby,dpr,TRUK
sby,dpr,TRUK
sby,dpr,TRUK
sby,dpr,TRUK
sby,dpr,TRUK
sby,dpr,TRUK
sby,dpr,TRUK
sby,dpr,TRUK
sby,dpr,TRUK
sby,dpr,TRUK
sby,dpr,TRUK
sby,dpr,TRUK
sby,dpr,TRUK
sby,dpr,TRUK
sby,dpr,TRUK
bjm,plk,TRUK
bjm,plk,TRUK
bjm,plk,TRUK
bjm,plk,TRUK
bjm,plk,TRUK
bjm,plk,TRUK
bjm,plk,TRUK
bjm,plk,TRUK
bjm,plk,TRUK
bjm,plk,TRUK
bjm,plk,TRUK
bjm,plk,TRUK
bjm,plk,TRUK
bjm,plk,TRUK
bjm,plk,TRUK
bjm,plk,TRUK
bjm,plk,TRUK
bjm,plk,TRUK
bjm,plk,TRUK
bjm,plk,TRUK
bjm,plk,TRUK
bpp,smr,TRUK
bpp,smr,TRUK
bpp,smr,TRUK
bpp,smr,TRUK
bpp,smr,TRUK
bpp,smr,TRUK
bpp,smr,TRUK
bpp,smr,TRUK
bpp,smr,TRUK
bpp,smr,TRUK
bpp,smr,TRUK
bpp,smr,TRUK
bpp,smr,TRUK
bpp,smr,TRUK
bpp,smr,TRUK
bpp,smr,TRUK
bpp,smr,TRUK
bpp,smr,TRUK
bpp,smr,TRUK
bpp,pal,TRUK
bpp,pal,TRUK
bpp,pal,TRUK
bpp,pal,TRUK
bpp,pal,TRUK
bpp,pal,TRUK
bpp,pal,TRUK
bpp,pal,TRUK
bpp,tar,TRUK
bpp,tar,TRUK
bpp,tar,TRUK
bpp,tar,TRUK
bpp,tar,TRUK
bpp,tar,TRUK
dpr,mtr,KPNG
dpr,mtr,KPNG
dpr,mtr,KPNG
dpr,mtr,KPNG
dpr,mtr,KPNG
dpr,mtr,KPNG
dpr,mtr,KPNG
dpr,mtr,KPNG
dpr,mtr,KPNG
dpr,mtr,KPNG
dpr,mtr,KPNG
dpr,mtr,KPNG
dpr,mtr,KPNG
dpr,mtr,KPNG
dpr,mtr,KPNG
dpr,mtr,KPNG
dpr,mtr,KPNG
dpr,mtr,KPNG
dpr,mtr,KPNG
dpr,mtr,KPNG
dpr,mtr,KPNG
dpr,mtr,KPNG
dpr,mtr,KPNG
dpr,mtr,KPNG
dpr,mtr,KPNG
mks,mam,TRUK
mks,mam,TRUK
mks,mam,TRUK
mks,mam,TRUK
mks,mam,TRUK
mks,mam,TRUK
mks,kpg,KBRG
mks,kpg,KBRG
mks,kpg,KBRG
mks,kpg,KBRG
mks,kpg,KBRG
mks,kdi,TRUK
mks,kdi,TRUK
mks,kdi,TRUK
mks,kdi,TRUK
mks,kdi,TRUK
mks,amb,KBRG
mks,amb,KBRG
mks,amb,KBRG
mks,amb,KBRG
mks,mnk,KBRG
mks,jap,KBRG
mks,jap,KBRG
mks,jap,KBRG
mks,jap,KBRG
mnd,tte,KPNG
mnd,tte,KPNG
mnd,tte,KPNG
mnd,gto,TRUK
